day,slot_index,field_id,category,cadence
1,1,47,A,daily
1,2,188,A,daily
1,3,205,A,daily
1,4,209,A,daily
1,5,211,A,daily
1,6,228,A,daily
1,7,6,B,daily
1,8,19,B,daily
1,9,224,B,daily
1,10,235,B,daily
1,11,240,B,daily
2,1,47,A,daily
2,2,188,A,daily
2,3,205,A,daily
2,4,209,A,daily
2,5,211,A,daily
2,6,228,A,daily
2,7,6,B,daily
2,8,19,B,daily
2,9,224,B,daily
2,10,235,B,daily
2,11,240,B,daily
3,1,47,A,daily
3,2,188,A,daily
3,3,205,A,daily
3,4,209,A,daily
3,5,211,A,daily
3,6,228,A,daily
3,7,6,B,daily
3,8,19,B,daily
3,9,224,B,daily
3,10,235,B,daily
3,11,240,B,daily
4,1,47,A,daily
4,2,188,A,daily
4,3,205,A,daily
4,4,209,A,daily
4,5,211,A,daily
4,6,228,A,daily
4,7,6,B,daily
4,8,19,B,daily
4,9,224,B,daily
4,10,235,B,daily
4,11,240,B,daily
5,1,47,A,daily
5,2,188,A,daily
5,3,205,A,daily
5,4,209,A,daily
5,5,211,A,daily
5,6,228,A,daily
5,7,6,B,daily
5,8,19,B,daily
5,9,224,B,daily
5,10,235,B,daily
5,11,240,B,daily
6,1,47,A,daily
6,2,188,A,daily
6,3,205,A,daily
6,4,209,A,daily
6,5,211,A,daily
6,6,228,A,daily
6,7,6,B,daily
6,8,19,B,daily
6,9,224,B,daily
6,10,235,B,daily
6,11,240,B,daily
7,1,47,A,daily
7,2,188,A,daily
7,3,205,A,daily
7,4,209,A,daily
7,5,211,A,daily
7,6,228,A,daily
7,7,6,B,daily
7,8,19,B,daily
7,9,224,B,daily
7,10,235,B,daily
7,11,240,B,daily
8,1,47,A,daily
8,2,188,A,daily
8,3,205,A,daily
8,4,209,A,daily
8,5,211,A,daily
8,6,228,A,daily
8,7,6,B,daily
8,8,19,B,daily
8,9,224,B,daily
8,10,235,B,daily
8,11,240,B,daily
9,1,47,A,daily
9,2,188,A,daily
9,3,205,A,daily
9,4,209,A,daily
9,5,211,A,daily
9,6,228,A,daily
9,7,6,B,daily
9,8,19,B,daily
9,9,224,B,daily
9,10,235,B,daily
9,11,240,B,daily
10,1,47,A,daily
10,2,188,A,daily
10,3,205,A,daily
10,4,209,A,daily
10,5,211,A,daily
10,6,228,A,daily
10,7,6,B,daily
10,8,19,B,daily
10,9,224,B,daily
10,10,235,B,daily
10,11,240,B,daily
11,1,47,A,daily
11,2,188,A,daily
11,3,205,A,daily
11,4,209,A,daily
11,5,211,A,daily
11,6,228,A,daily
11,7,6,B,daily
11,8,19,B,daily
11,9,224,B,daily
11,10,235,B,daily
11,11,240,B,daily
12,1,47,A,daily
12,2,188,A,daily
12,3,205,A,daily
12,4,209,A,daily
12,5,211,A,daily
12,6,228,A,daily
12,7,6,B,daily
12,8,19,B,daily
12,9,224,B,daily
12,10,235,B,daily
12,11,240,B,daily
13,1,47,A,daily
13,2,188,A,daily
13,3,205,A,daily
13,4,209,A,daily
13,5,211,A,daily
13,6,228,A,daily
13,7,6,B,daily
13,8,19,B,daily
13,9,224,B,daily
13,10,235,B,daily
13,11,240,B,daily
14,1,47,A,daily
14,2,188,A,daily
14,3,205,A,daily
14,4,209,A,daily
14,5,211,A,daily
14,6,228,A,daily
14,7,6,B,daily
14,8,19,B,daily
14,9,224,B,daily
14,10,235,B,daily
14,11,240,B,daily
15,1,47,A,daily
15,2,188,A,daily
15,3,205,A,daily
15,4,209,A,daily
15,5,211,A,daily
15,6,228,A,daily
15,7,6,B,daily
15,8,19,B,daily
15,9,224,B,daily
15,10,235,B,daily
15,11,240,B,daily
16,1,47,A,daily
16,2,188,A,daily
16,3,205,A,daily
16,4,209,A,daily
16,5,211,A,daily
16,6,228,A,daily
16,7,6,B,daily
16,8,19,B,daily
16,9,224,B,daily
16,10,235,B,daily
16,11,240,B,daily
17,1,47,A,daily
17,2,188,A,daily
17,3,205,A,daily
17,4,209,A,daily
17,5,211,A,daily
17,6,228,A,daily
17,7,6,B,daily
17,8,19,B,daily
17,9,224,B,daily
17,10,235,B,daily
17,11,240,B,daily
18,1,47,A,daily
18,2,188,A,daily
18,3,205,A,daily
18,4,209,A,daily
18,5,211,A,daily
18,6,228,A,daily
18,7,6,B,daily
18,8,19,B,daily
18,9,224,B,daily
18,10,235,B,daily
18,11,240,B,daily
19,1,47,A,daily
19,2,188,A,daily
19,3,205,A,daily
19,4,209,A,daily
19,5,211,A,daily
19,6,228,A,daily
19,7,6,B,daily
19,8,19,B,daily
19,9,224,B,daily
19,10,235,B,daily
19,11,240,B,daily
20,1,47,A,daily
20,2,188,A,daily
20,3,205,A,daily
20,4,209,A,daily
20,5,211,A,daily
20,6,228,A,daily
20,7,6,B,daily
20,8,19,B,daily
20,9,224,B,daily
20,10,235,B,daily
20,11,240,B,daily
21,1,47,A,daily
21,2,188,A,daily
21,3,205,A,daily
21,4,209,A,daily
21,5,211,A,daily
21,6,228,A,daily
21,7,6,B,daily
21,8,19,B,daily
21,9,224,B,daily
21,10,235,B,daily
21,11,240,B,daily
22,1,47,A,daily
22,2,188,A,daily
22,3,205,A,daily
22,4,209,A,daily
22,5,211,A,daily
22,6,228,A,daily
22,7,6,B,daily
22,8,19,B,daily
22,9,224,B,daily
22,10,235,B,daily
22,11,240,B,daily
23,1,47,A,daily
23,2,188,A,daily
23,3,205,A,daily
23,4,209,A,daily
23,5,211,A,daily
23,6,228,A,daily
23,7,6,B,daily
23,8,19,B,daily
23,9,224,B,daily
23,10,235,B,daily
23,11,240,B,daily
24,1,47,A,daily
24,2,188,A,daily
24,3,205,A,daily
24,4,209,A,daily
24,5,211,A,daily
24,6,228,A,daily
24,7,6,B,daily
24,8,19,B,daily
24,9,224,B,daily
24,10,235,B,daily
24,11,240,B,daily
25,1,47,A,daily
25,2,188,A,daily
25,3,205,A,daily
25,4,209,A,daily
25,5,211,A,daily
25,6,228,A,daily
25,7,6,B,daily
25,8,19,B,daily
25,9,224,B,daily
25,10,235,B,daily
25,11,240,B,daily
26,1,47,A,daily
26,2,188,A,daily
26,3,205,A,daily
26,4,209,A,daily
26,5,211,A,daily
26,6,228,A,daily
26,7,6,B,daily
26,8,19,B,daily
26,9,224,B,daily
26,10,235,B,daily
26,11,240,B,daily
27,1,47,A,daily
27,2,188,A,daily
27,3,205,A,daily
27,4,209,A,daily
27,5,211,A,daily
27,6,228,A,daily
27,7,6,B,daily
27,8,19,B,daily
27,9,224,B,daily
27,10,235,B,daily
27,11,240,B,daily
28,1,47,A,daily
28,2,188,A,daily
28,3,205,A,daily
28,4,209,A,daily
28,5,211,A,daily
28,6,228,A,daily
28,7,6,B,daily
28,8,19,B,daily
28,9,224,B,daily
28,10,235,B,daily
28,11,240,B,daily
29,1,47,A,daily
29,2,188,A,daily
29,3,205,A,daily
29,4,209,A,daily
29,5,211,A,daily
29,6,228,A,daily
29,7,6,B,daily
29,8,19,B,daily
29,9,224,B,daily
29,10,235,B,daily
29,11,240,B,daily
30,1,47,A,daily
30,2,188,A,daily
30,3,205,A,daily
30,4,209,A,daily
30,5,211,A,daily
30,6,228,A,daily
30,7,6,B,daily
30,8,19,B,daily
30,9,224,B,daily
30,10,235,B,daily
30,11,240,B,daily
31,1,47,A,daily
31,2,188,A,daily
31,3,205,A,daily
31,4,209,A,daily
31,5,211,A,daily
31,6,228,A,daily
31,7,6,B,daily
31,8,19,B,daily
31,9,224,B,daily
31,10,235,B,daily
31,11,240,B,daily
32,1,47,A,daily
32,2,188,A,daily
32,3,205,A,daily
32,4,209,A,daily
32,5,211,A,daily
32,6,228,A,daily
32,7,6,B,daily
32,8,19,B,daily
32,9,224,B,daily
32,10,235,B,daily
32,11,240,B,daily
33,1,47,A,daily
33,2,188,A,daily
33,3,205,A,daily
33,4,209,A,daily
33,5,211,A,daily
33,6,228,A,daily
33,7,6,B,daily
33,8,19,B,daily
33,9,224,B,daily
33,10,235,B,daily
33,11,240,B,daily
34,1,47,A,daily
34,2,188,A,daily
34,3,205,A,daily
34,4,209,A,daily
34,5,211,A,daily
34,6,228,A,daily
34,7,6,B,daily
34,8,19,B,daily
34,9,224,B,daily
34,10,235,B,daily
34,11,240,B,daily
35,1,47,A,daily
35,2,188,A,daily
35,3,205,A,daily
35,4,209,A,daily
35,5,211,A,daily
35,6,228,A,daily
35,7,6,B,daily
35,8,19,B,daily
35,9,224,B,daily
35,10,235,B,daily
35,11,240,B,daily
36,1,47,A,daily
36,2,188,A,daily
36,3,205,A,daily
36,4,209,A,daily
36,5,211,A,daily
36,6,228,A,daily
36,7,6,B,daily
36,8,19,B,daily
36,9,224,B,daily
36,10,235,B,daily
36,11,240,B,daily
37,1,47,A,daily
37,2,188,A,daily
37,3,205,A,daily
37,4,209,A,daily
37,5,211,A,daily
37,6,228,A,daily
37,7,6,B,daily
37,8,19,B,daily
37,9,224,B,daily
37,10,235,B,daily
37,11,240,B,daily
38,1,47,A,daily
38,2,188,A,daily
38,3,205,A,daily
38,4,209,A,daily
38,5,211,A,daily
38,6,228,A,daily
38,7,6,B,daily
38,8,19,B,daily
38,9,224,B,daily
38,10,235,B,daily
38,11,240,B,daily
39,1,47,A,daily
39,2,188,A,daily
39,3,205,A,daily
39,4,209,A,daily
39,5,211,A,daily
39,6,228,A,daily
39,7,6,B,daily
39,8,19,B,daily
39,9,224,B,daily
39,10,235,B,daily
39,11,240,B,daily
40,1,47,A,daily
40,2,188,A,daily
40,3,205,A,daily
40,4,209,A,daily
40,5,211,A,daily
40,6,228,A,daily
40,7,6,B,daily
40,8,19,B,daily
40,9,224,B,daily
40,10,235,B,daily
40,11,240,B,daily
41,1,47,A,daily
41,2,188,A,daily
41,3,205,A,daily
41,4,209,A,daily
41,5,211,A,daily
41,6,228,A,daily
41,7,6,B,daily
41,8,19,B,daily
41,9,224,B,daily
41,10,235,B,daily
41,11,240,B,daily
42,1,47,A,daily
42,2,188,A,daily
42,3,205,A,daily
42,4,209,A,daily
42,5,211,A,daily
42,6,228,A,daily
42,7,6,B,daily
42,8,19,B,daily
42,9,224,B,daily
42,10,235,B,daily
42,11,240,B,daily
43,1,47,A,daily
43,2,188,A,daily
43,3,205,A,daily
43,4,209,A,daily
43,5,211,A,daily
43,6,228,A,daily
43,7,6,B,daily
43,8,19,B,daily
43,9,224,B,daily
43,10,235,B,daily
43,11,240,B,daily
44,1,47,A,daily
44,2,188,A,daily
44,3,205,A,daily
44,4,209,A,daily
44,5,211,A,daily
44,6,228,A,daily
44,7,6,B,daily
44,8,19,B,daily
44,9,224,B,daily
44,10,235,B,daily
44,11,240,B,daily
45,1,47,A,daily
45,2,188,A,daily
45,3,205,A,daily
45,4,209,A,daily
45,5,211,A,daily
45,6,228,A,daily
45,7,6,B,daily
45,8,19,B,daily
45,9,224,B,daily
45,10,235,B,daily
45,11,240,B,daily
46,1,138,A,daily
46,2,140,A,daily
46,3,166,A,daily
46,4,220,A,daily
46,5,226,A,daily
46,6,232,A,daily
46,7,22,B,daily
46,8,208,B,daily
46,9,234,B,daily
46,10,12,D,daily
46,11,48,D,daily
47,1,138,A,daily
47,2,140,A,daily
47,3,166,A,daily
47,4,220,A,daily
47,5,226,A,daily
47,6,232,A,daily
47,7,22,B,daily
47,8,208,B,daily
47,9,234,B,daily
47,10,12,D,daily
47,11,48,D,daily
48,1,138,A,daily
48,2,140,A,daily
48,3,166,A,daily
48,4,220,A,daily
48,5,226,A,daily
48,6,232,A,daily
48,7,22,B,daily
48,8,208,B,daily
48,9,234,B,daily
48,10,12,D,daily
48,11,48,D,daily
49,1,138,A,daily
49,2,140,A,daily
49,3,166,A,daily
49,4,220,A,daily
49,5,226,A,daily
49,6,232,A,daily
49,7,22,B,daily
49,8,208,B,daily
49,9,234,B,daily
49,10,12,D,daily
49,11,48,D,daily
50,1,138,A,daily
50,2,140,A,daily
50,3,166,A,daily
50,4,220,A,daily
50,5,226,A,daily
50,6,232,A,daily
50,7,22,B,daily
50,8,208,B,daily
50,9,234,B,daily
50,10,12,D,daily
50,11,48,D,daily
51,1,138,A,daily
51,2,140,A,daily
51,3,166,A,daily
51,4,220,A,daily
51,5,226,A,daily
51,6,232,A,daily
51,7,22,B,daily
51,8,208,B,daily
51,9,234,B,daily
51,10,12,D,daily
51,11,48,D,daily
52,1,138,A,daily
52,2,140,A,daily
52,3,166,A,daily
52,4,220,A,daily
52,5,226,A,daily
52,6,232,A,daily
52,7,22,B,daily
52,8,208,B,daily
52,9,234,B,daily
52,10,12,D,daily
52,11,48,D,daily
53,1,138,A,daily
53,2,140,A,daily
53,3,166,A,daily
53,4,220,A,daily
53,5,226,A,daily
53,6,232,A,daily
53,7,22,B,daily
53,8,208,B,daily
53,9,234,B,daily
53,10,12,D,daily
53,11,48,D,daily
54,1,138,A,daily
54,2,140,A,daily
54,3,166,A,daily
54,4,220,A,daily
54,5,226,A,daily
54,6,232,A,daily
54,7,22,B,daily
54,8,208,B,daily
54,9,234,B,daily
54,10,12,D,daily
54,11,48,D,daily
55,1,138,A,daily
55,2,140,A,daily
55,3,166,A,daily
55,4,220,A,daily
55,5,226,A,daily
55,6,232,A,daily
55,7,22,B,daily
55,8,208,B,daily
55,9,234,B,daily
55,10,12,D,daily
55,11,48,D,daily
56,1,138,A,daily
56,2,140,A,daily
56,3,166,A,daily
56,4,220,A,daily
56,5,226,A,daily
56,6,232,A,daily
56,7,22,B,daily
56,8,208,B,daily
56,9,234,B,daily
56,10,12,D,daily
56,11,48,D,daily
57,1,138,A,daily
57,2,140,A,daily
57,3,166,A,daily
57,4,220,A,daily
57,5,226,A,daily
57,6,232,A,daily
57,7,22,B,daily
57,8,208,B,daily
57,9,234,B,daily
57,10,12,D,daily
57,11,48,D,daily
58,1,138,A,daily
58,2,140,A,daily
58,3,166,A,daily
58,4,220,A,daily
58,5,226,A,daily
58,6,232,A,daily
58,7,22,B,daily
58,8,208,B,daily
58,9,234,B,daily
58,10,12,D,daily
58,11,48,D,daily
59,1,138,A,daily
59,2,140,A,daily
59,3,166,A,daily
59,4,220,A,daily
59,5,226,A,daily
59,6,232,A,daily
59,7,22,B,daily
59,8,208,B,daily
59,9,234,B,daily
59,10,12,D,daily
59,11,48,D,daily
60,1,138,A,daily
60,2,140,A,daily
60,3,166,A,daily
60,4,220,A,daily
60,5,226,A,daily
60,6,232,A,daily
60,7,22,B,daily
60,8,208,B,daily
60,9,234,B,daily
60,10,12,D,daily
60,11,48,D,daily
61,1,138,A,daily
61,2,140,A,daily
61,3,166,A,daily
61,4,220,A,daily
61,5,226,A,daily
61,6,232,A,daily
61,7,22,B,daily
61,8,208,B,daily
61,9,234,B,daily
61,10,12,D,daily
61,11,48,D,daily
62,1,138,A,daily
62,2,140,A,daily
62,3,166,A,daily
62,4,220,A,daily
62,5,226,A,daily
62,6,232,A,daily
62,7,22,B,daily
62,8,208,B,daily
62,9,234,B,daily
62,10,12,D,daily
62,11,48,D,daily
63,1,138,A,daily
63,2,140,A,daily
63,3,166,A,daily
63,4,220,A,daily
63,5,226,A,daily
63,6,232,A,daily
63,7,22,B,daily
63,8,208,B,daily
63,9,234,B,daily
63,10,12,D,daily
63,11,48,D,daily
64,1,138,A,daily
64,2,140,A,daily
64,3,166,A,daily
64,4,220,A,daily
64,5,226,A,daily
64,6,232,A,daily
64,7,22,B,daily
64,8,208,B,daily
64,9,234,B,daily
64,10,12,D,daily
64,11,48,D,daily
65,1,138,A,daily
65,2,140,A,daily
65,3,166,A,daily
65,4,220,A,daily
65,5,226,A,daily
65,6,232,A,daily
65,7,22,B,daily
65,8,208,B,daily
65,9,234,B,daily
65,10,12,D,daily
65,11,48,D,daily
66,1,138,A,daily
66,2,140,A,daily
66,3,166,A,daily
66,4,220,A,daily
66,5,226,A,daily
66,6,232,A,daily
66,7,22,B,daily
66,8,208,B,daily
66,9,234,B,daily
66,10,12,D,daily
66,11,48,D,daily
67,1,138,A,daily
67,2,140,A,daily
67,3,166,A,daily
67,4,220,A,daily
67,5,226,A,daily
67,6,232,A,daily
67,7,22,B,daily
67,8,208,B,daily
67,9,234,B,daily
67,10,12,D,daily
67,11,48,D,daily
68,1,138,A,daily
68,2,140,A,daily
68,3,166,A,daily
68,4,220,A,daily
68,5,226,A,daily
68,6,232,A,daily
68,7,22,B,daily
68,8,208,B,daily
68,9,234,B,daily
68,10,12,D,daily
68,11,48,D,daily
69,1,138,A,daily
69,2,140,A,daily
69,3,166,A,daily
69,4,220,A,daily
69,5,226,A,daily
69,6,232,A,daily
69,7,22,B,daily
69,8,208,B,daily
69,9,234,B,daily
69,10,12,D,daily
69,11,48,D,daily
70,1,138,A,daily
70,2,140,A,daily
70,3,166,A,daily
70,4,220,A,daily
70,5,226,A,daily
70,6,232,A,daily
70,7,22,B,daily
70,8,208,B,daily
70,9,234,B,daily
70,10,12,D,daily
70,11,48,D,daily
71,1,138,A,daily
71,2,140,A,daily
71,3,166,A,daily
71,4,220,A,daily
71,5,226,A,daily
71,6,232,A,daily
71,7,22,B,daily
71,8,208,B,daily
71,9,234,B,daily
71,10,12,D,daily
71,11,48,D,daily
72,1,138,A,daily
72,2,140,A,daily
72,3,166,A,daily
72,4,220,A,daily
72,5,226,A,daily
72,6,232,A,daily
72,7,22,B,daily
72,8,208,B,daily
72,9,234,B,daily
72,10,12,D,daily
72,11,48,D,daily
73,1,138,A,daily
73,2,140,A,daily
73,3,166,A,daily
73,4,220,A,daily
73,5,226,A,daily
73,6,232,A,daily
73,7,22,B,daily
73,8,208,B,daily
73,9,234,B,daily
73,10,12,D,daily
73,11,48,D,daily
74,1,138,A,daily
74,2,140,A,daily
74,3,166,A,daily
74,4,220,A,daily
74,5,226,A,daily
74,6,232,A,daily
74,7,22,B,daily
74,8,208,B,daily
74,9,234,B,daily
74,10,12,D,daily
74,11,48,D,daily
75,1,138,A,daily
75,2,140,A,daily
75,3,166,A,daily
75,4,220,A,daily
75,5,226,A,daily
75,6,232,A,daily
75,7,22,B,daily
75,8,208,B,daily
75,9,234,B,daily
75,10,12,D,daily
75,11,48,D,daily
76,1,138,A,daily
76,2,140,A,daily
76,3,166,A,daily
76,4,220,A,daily
76,5,226,A,daily
76,6,232,A,daily
76,7,22,B,daily
76,8,208,B,daily
76,9,234,B,daily
76,10,12,D,daily
76,11,48,D,daily
77,1,138,A,daily
77,2,140,A,daily
77,3,166,A,daily
77,4,220,A,daily
77,5,226,A,daily
77,6,232,A,daily
77,7,22,B,daily
77,8,208,B,daily
77,9,234,B,daily
77,10,12,D,daily
77,11,48,D,daily
78,1,138,A,daily
78,2,140,A,daily
78,3,166,A,daily
78,4,220,A,daily
78,5,226,A,daily
78,6,232,A,daily
78,7,22,B,daily
78,8,208,B,daily
78,9,234,B,daily
78,10,12,D,daily
78,11,48,D,daily
79,1,138,A,daily
79,2,140,A,daily
79,3,166,A,daily
79,4,220,A,daily
79,5,226,A,daily
79,6,232,A,daily
79,7,22,B,daily
79,8,208,B,daily
79,9,234,B,daily
79,10,12,D,daily
79,11,48,D,daily
80,1,138,A,daily
80,2,140,A,daily
80,3,166,A,daily
80,4,220,A,daily
80,5,226,A,daily
80,6,232,A,daily
80,7,22,B,daily
80,8,208,B,daily
80,9,234,B,daily
80,10,12,D,daily
80,11,48,D,daily
81,1,138,A,daily
81,2,140,A,daily
81,3,166,A,daily
81,4,220,A,daily
81,5,226,A,daily
81,6,232,A,daily
81,7,22,B,daily
81,8,208,B,daily
81,9,234,B,daily
81,10,12,D,daily
81,11,48,D,daily
82,1,138,A,daily
82,2,140,A,daily
82,3,166,A,daily
82,4,220,A,daily
82,5,226,A,daily
82,6,232,A,daily
82,7,22,B,daily
82,8,208,B,daily
82,9,234,B,daily
82,10,12,D,daily
82,11,48,D,daily
83,1,138,A,daily
83,2,140,A,daily
83,3,166,A,daily
83,4,220,A,daily
83,5,226,A,daily
83,6,232,A,daily
83,7,22,B,daily
83,8,208,B,daily
83,9,234,B,daily
83,10,12,D,daily
83,11,48,D,daily
84,1,138,A,daily
84,2,140,A,daily
84,3,166,A,daily
84,4,220,A,daily
84,5,226,A,daily
84,6,232,A,daily
84,7,22,B,daily
84,8,208,B,daily
84,9,234,B,daily
84,10,12,D,daily
84,11,48,D,daily
85,1,138,A,daily
85,2,140,A,daily
85,3,166,A,daily
85,4,220,A,daily
85,5,226,A,daily
85,6,232,A,daily
85,7,22,B,daily
85,8,208,B,daily
85,9,234,B,daily
85,10,12,D,daily
85,11,48,D,daily
86,1,138,A,daily
86,2,140,A,daily
86,3,166,A,daily
86,4,220,A,daily
86,5,226,A,daily
86,6,232,A,daily
86,7,22,B,daily
86,8,208,B,daily
86,9,234,B,daily
86,10,12,D,daily
86,11,48,D,daily
87,1,138,A,daily
87,2,140,A,daily
87,3,166,A,daily
87,4,220,A,daily
87,5,226,A,daily
87,6,232,A,daily
87,7,22,B,daily
87,8,208,B,daily
87,9,234,B,daily
87,10,12,D,daily
87,11,48,D,daily
88,1,138,A,daily
88,2,140,A,daily
88,3,166,A,daily
88,4,220,A,daily
88,5,226,A,daily
88,6,232,A,daily
88,7,22,B,daily
88,8,208,B,daily
88,9,234,B,daily
88,10,12,D,daily
88,11,48,D,daily
89,1,138,A,daily
89,2,140,A,daily
89,3,166,A,daily
89,4,220,A,daily
89,5,226,A,daily
89,6,232,A,daily
89,7,22,B,daily
89,8,208,B,daily
89,9,234,B,daily
89,10,12,D,daily
89,11,48,D,daily
90,1,138,A,daily
90,2,140,A,daily
90,3,166,A,daily
90,4,220,A,daily
90,5,226,A,daily
90,6,232,A,daily
90,7,22,B,daily
90,8,208,B,daily
90,9,234,B,daily
90,10,12,D,daily
90,11,48,D,daily
91,1,8,A,daily
91,2,72,A,daily
91,3,199,A,daily
91,4,210,A,daily
91,5,217,A,daily
91,6,218,A,daily
91,7,7,B,daily
91,8,2,C,sparse4
91,9,162,C,sparse4
91,10,79,D,daily
91,11,28,D,daily
92,1,8,A,daily
92,2,72,A,daily
92,3,199,A,daily
92,4,210,A,daily
92,5,217,A,daily
92,6,218,A,daily
92,7,7,B,daily
92,8,3,C,sparse4
92,9,183,C,sparse4
92,10,79,D,daily
92,11,28,D,daily
93,1,8,A,daily
93,2,72,A,daily
93,3,199,A,daily
93,4,210,A,daily
93,5,217,A,daily
93,6,218,A,daily
93,7,7,B,daily
93,8,13,C,sparse4
93,9,189,C,sparse4
93,10,79,D,daily
93,11,28,D,daily
94,1,8,A,daily
94,2,72,A,daily
94,3,199,A,daily
94,4,210,A,daily
94,5,217,A,daily
94,6,218,A,daily
94,7,7,B,daily
94,8,14,C,sparse4
94,9,223,C,sparse4
94,10,79,D,daily
94,11,28,D,daily
95,1,8,A,daily
95,2,72,A,daily
95,3,199,A,daily
95,4,210,A,daily
95,5,217,A,daily
95,6,218,A,daily
95,7,7,B,daily
95,8,2,C,sparse4
95,9,162,C,sparse4
95,10,79,D,daily
95,11,28,D,daily
96,1,8,A,daily
96,2,72,A,daily
96,3,199,A,daily
96,4,210,A,daily
96,5,217,A,daily
96,6,218,A,daily
96,7,7,B,daily
96,8,3,C,sparse4
96,9,183,C,sparse4
96,10,79,D,daily
96,11,28,D,daily
97,1,8,A,daily
97,2,72,A,daily
97,3,199,A,daily
97,4,210,A,daily
97,5,217,A,daily
97,6,218,A,daily
97,7,7,B,daily
97,8,13,C,sparse4
97,9,189,C,sparse4
97,10,79,D,daily
97,11,28,D,daily
98,1,8,A,daily
98,2,72,A,daily
98,3,199,A,daily
98,4,210,A,daily
98,5,217,A,daily
98,6,218,A,daily
98,7,7,B,daily
98,8,14,C,sparse4
98,9,223,C,sparse4
98,10,79,D,daily
98,11,28,D,daily
99,1,8,A,daily
99,2,72,A,daily
99,3,199,A,daily
99,4,210,A,daily
99,5,217,A,daily
99,6,218,A,daily
99,7,7,B,daily
99,8,2,C,sparse4
99,9,162,C,sparse4
99,10,79,D,daily
99,11,28,D,daily
100,1,8,A,daily
100,2,72,A,daily
100,3,199,A,daily
100,4,210,A,daily
100,5,217,A,daily
100,6,218,A,daily
100,7,7,B,daily
100,8,3,C,sparse4
100,9,183,C,sparse4
100,10,79,D,daily
100,11,28,D,daily
101,1,8,A,daily
101,2,72,A,daily
101,3,199,A,daily
101,4,210,A,daily
101,5,217,A,daily
101,6,218,A,daily
101,7,7,B,daily
101,8,13,C,sparse4
101,9,189,C,sparse4
101,10,79,D,daily
101,11,28,D,daily
102,1,8,A,daily
102,2,72,A,daily
102,3,199,A,daily
102,4,210,A,daily
102,5,217,A,daily
102,6,218,A,daily
102,7,7,B,daily
102,8,14,C,sparse4
102,9,223,C,sparse4
102,10,79,D,daily
102,11,28,D,daily
103,1,8,A,daily
103,2,72,A,daily
103,3,199,A,daily
103,4,210,A,daily
103,5,217,A,daily
103,6,218,A,daily
103,7,7,B,daily
103,8,2,C,sparse4
103,9,162,C,sparse4
103,10,79,D,daily
103,11,28,D,daily
104,1,8,A,daily
104,2,72,A,daily
104,3,199,A,daily
104,4,210,A,daily
104,5,217,A,daily
104,6,218,A,daily
104,7,7,B,daily
104,8,3,C,sparse4
104,9,183,C,sparse4
104,10,79,D,daily
104,11,28,D,daily
105,1,8,A,daily
105,2,72,A,daily
105,3,199,A,daily
105,4,210,A,daily
105,5,217,A,daily
105,6,218,A,daily
105,7,7,B,daily
105,8,13,C,sparse4
105,9,189,C,sparse4
105,10,79,D,daily
105,11,28,D,daily
106,1,8,A,daily
106,2,72,A,daily
106,3,199,A,daily
106,4,210,A,daily
106,5,217,A,daily
106,6,218,A,daily
106,7,7,B,daily
106,8,14,C,sparse4
106,9,223,C,sparse4
106,10,79,D,daily
106,11,28,D,daily
107,1,8,A,daily
107,2,72,A,daily
107,3,199,A,daily
107,4,210,A,daily
107,5,217,A,daily
107,6,218,A,daily
107,7,7,B,daily
107,8,2,C,sparse4
107,9,162,C,sparse4
107,10,79,D,daily
107,11,28,D,daily
108,1,8,A,daily
108,2,72,A,daily
108,3,199,A,daily
108,4,210,A,daily
108,5,217,A,daily
108,6,218,A,daily
108,7,7,B,daily
108,8,3,C,sparse4
108,9,183,C,sparse4
108,10,79,D,daily
108,11,28,D,daily
109,1,8,A,daily
109,2,72,A,daily
109,3,199,A,daily
109,4,210,A,daily
109,5,217,A,daily
109,6,218,A,daily
109,7,7,B,daily
109,8,13,C,sparse4
109,9,189,C,sparse4
109,10,79,D,daily
109,11,28,D,daily
110,1,8,A,daily
110,2,72,A,daily
110,3,199,A,daily
110,4,210,A,daily
110,5,217,A,daily
110,6,218,A,daily
110,7,7,B,daily
110,8,14,C,sparse4
110,9,223,C,sparse4
110,10,79,D,daily
110,11,28,D,daily
111,1,8,A,daily
111,2,72,A,daily
111,3,199,A,daily
111,4,210,A,daily
111,5,217,A,daily
111,6,218,A,daily
111,7,7,B,daily
111,8,2,C,sparse4
111,9,162,C,sparse4
111,10,79,D,daily
111,11,28,D,daily
112,1,8,A,daily
112,2,72,A,daily
112,3,199,A,daily
112,4,210,A,daily
112,5,217,A,daily
112,6,218,A,daily
112,7,7,B,daily
112,8,3,C,sparse4
112,9,183,C,sparse4
112,10,79,D,daily
112,11,28,D,daily
113,1,8,A,daily
113,2,72,A,daily
113,3,199,A,daily
113,4,210,A,daily
113,5,217,A,daily
113,6,218,A,daily
113,7,7,B,daily
113,8,13,C,sparse4
113,9,189,C,sparse4
113,10,79,D,daily
113,11,28,D,daily
114,1,8,A,daily
114,2,72,A,daily
114,3,199,A,daily
114,4,210,A,daily
114,5,217,A,daily
114,6,218,A,daily
114,7,7,B,daily
114,8,14,C,sparse4
114,9,223,C,sparse4
114,10,79,D,daily
114,11,28,D,daily
115,1,8,A,daily
115,2,72,A,daily
115,3,199,A,daily
115,4,210,A,daily
115,5,217,A,daily
115,6,218,A,daily
115,7,7,B,daily
115,8,2,C,sparse4
115,9,162,C,sparse4
115,10,79,D,daily
115,11,28,D,daily
116,1,8,A,daily
116,2,72,A,daily
116,3,199,A,daily
116,4,210,A,daily
116,5,217,A,daily
116,6,218,A,daily
116,7,7,B,daily
116,8,3,C,sparse4
116,9,183,C,sparse4
116,10,79,D,daily
116,11,28,D,daily
117,1,8,A,daily
117,2,72,A,daily
117,3,199,A,daily
117,4,210,A,daily
117,5,217,A,daily
117,6,218,A,daily
117,7,7,B,daily
117,8,13,C,sparse4
117,9,189,C,sparse4
117,10,79,D,daily
117,11,28,D,daily
118,1,8,A,daily
118,2,72,A,daily
118,3,199,A,daily
118,4,210,A,daily
118,5,217,A,daily
118,6,218,A,daily
118,7,7,B,daily
118,8,14,C,sparse4
118,9,223,C,sparse4
118,10,79,D,daily
118,11,28,D,daily
119,1,8,A,daily
119,2,72,A,daily
119,3,199,A,daily
119,4,210,A,daily
119,5,217,A,daily
119,6,218,A,daily
119,7,7,B,daily
119,8,2,C,sparse4
119,9,162,C,sparse4
119,10,79,D,daily
119,11,28,D,daily
120,1,8,A,daily
120,2,72,A,daily
120,3,199,A,daily
120,4,210,A,daily
120,5,217,A,daily
120,6,218,A,daily
120,7,7,B,daily
120,8,3,C,sparse4
120,9,183,C,sparse4
120,10,79,D,daily
120,11,28,D,daily
121,1,8,A,daily
121,2,72,A,daily
121,3,199,A,daily
121,4,210,A,daily
121,5,217,A,daily
121,6,218,A,daily
121,7,7,B,daily
121,8,13,C,sparse4
121,9,189,C,sparse4
121,10,79,D,daily
121,11,28,D,daily
122,1,8,A,daily
122,2,72,A,daily
122,3,199,A,daily
122,4,210,A,daily
122,5,217,A,daily
122,6,218,A,daily
122,7,7,B,daily
122,8,14,C,sparse4
122,9,223,C,sparse4
122,10,79,D,daily
122,11,28,D,daily
123,1,8,A,daily
123,2,72,A,daily
123,3,199,A,daily
123,4,210,A,daily
123,5,217,A,daily
123,6,218,A,daily
123,7,7,B,daily
123,8,2,C,sparse4
123,9,162,C,sparse4
123,10,79,D,daily
123,11,28,D,daily
124,1,8,A,daily
124,2,72,A,daily
124,3,199,A,daily
124,4,210,A,daily
124,5,217,A,daily
124,6,218,A,daily
124,7,7,B,daily
124,8,3,C,sparse4
124,9,183,C,sparse4
124,10,79,D,daily
124,11,28,D,daily
125,1,8,A,daily
125,2,72,A,daily
125,3,199,A,daily
125,4,210,A,daily
125,5,217,A,daily
125,6,218,A,daily
125,7,7,B,daily
125,8,13,C,sparse4
125,9,189,C,sparse4
125,10,79,D,daily
125,11,28,D,daily
126,1,8,A,daily
126,2,72,A,daily
126,3,199,A,daily
126,4,210,A,daily
126,5,217,A,daily
126,6,218,A,daily
126,7,7,B,daily
126,8,14,C,sparse4
126,9,223,C,sparse4
126,10,79,D,daily
126,11,28,D,daily
127,1,8,A,daily
127,2,72,A,daily
127,3,199,A,daily
127,4,210,A,daily
127,5,217,A,daily
127,6,218,A,daily
127,7,7,B,daily
127,8,2,C,sparse4
127,9,162,C,sparse4
127,10,79,D,daily
127,11,28,D,daily
128,1,8,A,daily
128,2,72,A,daily
128,3,199,A,daily
128,4,210,A,daily
128,5,217,A,daily
128,6,218,A,daily
128,7,7,B,daily
128,8,3,C,sparse4
128,9,183,C,sparse4
128,10,79,D,daily
128,11,28,D,daily
129,1,8,A,daily
129,2,72,A,daily
129,3,199,A,daily
129,4,210,A,daily
129,5,217,A,daily
129,6,218,A,daily
129,7,7,B,daily
129,8,13,C,sparse4
129,9,189,C,sparse4
129,10,79,D,daily
129,11,28,D,daily
130,1,8,A,daily
130,2,72,A,daily
130,3,199,A,daily
130,4,210,A,daily
130,5,217,A,daily
130,6,218,A,daily
130,7,7,B,daily
130,8,14,C,sparse4
130,9,223,C,sparse4
130,10,79,D,daily
130,11,28,D,daily
131,1,8,A,daily
131,2,72,A,daily
131,3,199,A,daily
131,4,210,A,daily
131,5,217,A,daily
131,6,218,A,daily
131,7,7,B,daily
131,8,2,C,sparse4
131,9,162,C,sparse4
131,10,79,D,daily
131,11,28,D,daily
132,1,8,A,daily
132,2,72,A,daily
132,3,199,A,daily
132,4,210,A,daily
132,5,217,A,daily
132,6,218,A,daily
132,7,7,B,daily
132,8,3,C,sparse4
132,9,183,C,sparse4
132,10,79,D,daily
132,11,28,D,daily
133,1,8,A,daily
133,2,72,A,daily
133,3,199,A,daily
133,4,210,A,daily
133,5,217,A,daily
133,6,218,A,daily
133,7,7,B,daily
133,8,13,C,sparse4
133,9,189,C,sparse4
133,10,79,D,daily
133,11,28,D,daily
134,1,8,A,daily
134,2,72,A,daily
134,3,199,A,daily
134,4,210,A,daily
134,5,217,A,daily
134,6,218,A,daily
134,7,7,B,daily
134,8,14,C,sparse4
134,9,223,C,sparse4
134,10,79,D,daily
134,11,28,D,daily
135,1,8,A,daily
135,2,72,A,daily
135,3,199,A,daily
135,4,210,A,daily
135,5,217,A,daily
135,6,218,A,daily
135,7,7,B,daily
135,8,2,C,sparse4
135,9,162,C,sparse4
135,10,79,D,daily
135,11,28,D,daily
136,1,164,A,daily
136,2,169,A,daily
136,3,182,A,daily
136,4,186,A,daily
136,5,190,A,daily
136,6,195,A,daily
136,7,1,B,daily
136,8,6,B,sparse4
136,9,206,B,sparse4
136,10,3,C,sparse4
136,11,183,C,sparse4
137,1,164,A,daily
137,2,169,A,daily
137,3,182,A,daily
137,4,186,A,daily
137,5,190,A,daily
137,6,195,A,daily
137,7,1,B,daily
137,8,9,B,sparse4
137,9,208,B,sparse4
137,10,13,C,sparse4
137,11,189,C,sparse4
138,1,164,A,daily
138,2,169,A,daily
138,3,182,A,daily
138,4,186,A,daily
138,5,190,A,daily
138,6,195,A,daily
138,7,1,B,daily
138,8,19,B,sparse4
138,9,222,B,sparse4
138,10,14,C,sparse4
138,11,223,C,sparse4
139,1,164,A,daily
139,2,169,A,daily
139,3,182,A,daily
139,4,186,A,daily
139,5,190,A,daily
139,6,195,A,daily
139,7,1,B,daily
139,8,22,B,sparse4
139,9,234,B,sparse4
139,10,2,C,sparse4
139,11,162,C,sparse4
140,1,164,A,daily
140,2,169,A,daily
140,3,182,A,daily
140,4,186,A,daily
140,5,190,A,daily
140,6,195,A,daily
140,7,1,B,daily
140,8,6,B,sparse4
140,9,206,B,sparse4
140,10,3,C,sparse4
140,11,183,C,sparse4
141,1,164,A,daily
141,2,169,A,daily
141,3,182,A,daily
141,4,186,A,daily
141,5,190,A,daily
141,6,195,A,daily
141,7,1,B,daily
141,8,9,B,sparse4
141,9,208,B,sparse4
141,10,13,C,sparse4
141,11,189,C,sparse4
142,1,164,A,daily
142,2,169,A,daily
142,3,182,A,daily
142,4,186,A,daily
142,5,190,A,daily
142,6,195,A,daily
142,7,1,B,daily
142,8,19,B,sparse4
142,9,222,B,sparse4
142,10,14,C,sparse4
142,11,223,C,sparse4
143,1,164,A,daily
143,2,169,A,daily
143,3,182,A,daily
143,4,186,A,daily
143,5,190,A,daily
143,6,195,A,daily
143,7,1,B,daily
143,8,22,B,sparse4
143,9,234,B,sparse4
143,10,2,C,sparse4
143,11,162,C,sparse4
144,1,164,A,daily
144,2,169,A,daily
144,3,182,A,daily
144,4,186,A,daily
144,5,190,A,daily
144,6,195,A,daily
144,7,1,B,daily
144,8,6,B,sparse4
144,9,206,B,sparse4
144,10,3,C,sparse4
144,11,183,C,sparse4
145,1,164,A,daily
145,2,169,A,daily
145,3,182,A,daily
145,4,186,A,daily
145,5,190,A,daily
145,6,195,A,daily
145,7,1,B,daily
145,8,9,B,sparse4
145,9,208,B,sparse4
145,10,13,C,sparse4
145,11,189,C,sparse4
146,1,164,A,daily
146,2,169,A,daily
146,3,182,A,daily
146,4,186,A,daily
146,5,190,A,daily
146,6,195,A,daily
146,7,1,B,daily
146,8,19,B,sparse4
146,9,222,B,sparse4
146,10,14,C,sparse4
146,11,223,C,sparse4
147,1,164,A,daily
147,2,169,A,daily
147,3,182,A,daily
147,4,186,A,daily
147,5,190,A,daily
147,6,195,A,daily
147,7,1,B,daily
147,8,22,B,sparse4
147,9,234,B,sparse4
147,10,2,C,sparse4
147,11,162,C,sparse4
148,1,164,A,daily
148,2,169,A,daily
148,3,182,A,daily
148,4,186,A,daily
148,5,190,A,daily
148,6,195,A,daily
148,7,1,B,daily
148,8,6,B,sparse4
148,9,206,B,sparse4
148,10,3,C,sparse4
148,11,183,C,sparse4
149,1,164,A,daily
149,2,169,A,daily
149,3,182,A,daily
149,4,186,A,daily
149,5,190,A,daily
149,6,195,A,daily
149,7,1,B,daily
149,8,9,B,sparse4
149,9,208,B,sparse4
149,10,13,C,sparse4
149,11,189,C,sparse4
150,1,164,A,daily
150,2,169,A,daily
150,3,182,A,daily
150,4,186,A,daily
150,5,190,A,daily
150,6,195,A,daily
150,7,1,B,daily
150,8,19,B,sparse4
150,9,222,B,sparse4
150,10,14,C,sparse4
150,11,223,C,sparse4
151,1,164,A,daily
151,2,169,A,daily
151,3,182,A,daily
151,4,186,A,daily
151,5,190,A,daily
151,6,195,A,daily
151,7,1,B,daily
151,8,22,B,sparse4
151,9,234,B,sparse4
151,10,2,C,sparse4
151,11,162,C,sparse4
152,1,164,A,daily
152,2,169,A,daily
152,3,182,A,daily
152,4,186,A,daily
152,5,190,A,daily
152,6,195,A,daily
152,7,1,B,daily
152,8,6,B,sparse4
152,9,206,B,sparse4
152,10,3,C,sparse4
152,11,183,C,sparse4
153,1,164,A,daily
153,2,169,A,daily
153,3,182,A,daily
153,4,186,A,daily
153,5,190,A,daily
153,6,195,A,daily
153,7,1,B,daily
153,8,9,B,sparse4
153,9,208,B,sparse4
153,10,13,C,sparse4
153,11,189,C,sparse4
154,1,164,A,daily
154,2,169,A,daily
154,3,182,A,daily
154,4,186,A,daily
154,5,190,A,daily
154,6,195,A,daily
154,7,1,B,daily
154,8,19,B,sparse4
154,9,222,B,sparse4
154,10,14,C,sparse4
154,11,223,C,sparse4
155,1,164,A,daily
155,2,169,A,daily
155,3,182,A,daily
155,4,186,A,daily
155,5,190,A,daily
155,6,195,A,daily
155,7,1,B,daily
155,8,22,B,sparse4
155,9,234,B,sparse4
155,10,2,C,sparse4
155,11,162,C,sparse4
156,1,164,A,daily
156,2,169,A,daily
156,3,182,A,daily
156,4,186,A,daily
156,5,190,A,daily
156,6,195,A,daily
156,7,1,B,daily
156,8,6,B,sparse4
156,9,206,B,sparse4
156,10,3,C,sparse4
156,11,183,C,sparse4
157,1,164,A,daily
157,2,169,A,daily
157,3,182,A,daily
157,4,186,A,daily
157,5,190,A,daily
157,6,195,A,daily
157,7,1,B,daily
157,8,9,B,sparse4
157,9,208,B,sparse4
157,10,13,C,sparse4
157,11,189,C,sparse4
158,1,164,A,daily
158,2,169,A,daily
158,3,182,A,daily
158,4,186,A,daily
158,5,190,A,daily
158,6,195,A,daily
158,7,1,B,daily
158,8,19,B,sparse4
158,9,222,B,sparse4
158,10,14,C,sparse4
158,11,223,C,sparse4
159,1,164,A,daily
159,2,169,A,daily
159,3,182,A,daily
159,4,186,A,daily
159,5,190,A,daily
159,6,195,A,daily
159,7,1,B,daily
159,8,22,B,sparse4
159,9,234,B,sparse4
159,10,2,C,sparse4
159,11,162,C,sparse4
160,1,164,A,daily
160,2,169,A,daily
160,3,182,A,daily
160,4,186,A,daily
160,5,190,A,daily
160,6,195,A,daily
160,7,1,B,daily
160,8,6,B,sparse4
160,9,206,B,sparse4
160,10,3,C,sparse4
160,11,183,C,sparse4
161,1,164,A,daily
161,2,169,A,daily
161,3,182,A,daily
161,4,186,A,daily
161,5,190,A,daily
161,6,195,A,daily
161,7,1,B,daily
161,8,9,B,sparse4
161,9,208,B,sparse4
161,10,13,C,sparse4
161,11,189,C,sparse4
162,1,164,A,daily
162,2,169,A,daily
162,3,182,A,daily
162,4,186,A,daily
162,5,190,A,daily
162,6,195,A,daily
162,7,1,B,daily
162,8,19,B,sparse4
162,9,222,B,sparse4
162,10,14,C,sparse4
162,11,223,C,sparse4
163,1,164,A,daily
163,2,169,A,daily
163,3,182,A,daily
163,4,186,A,daily
163,5,190,A,daily
163,6,195,A,daily
163,7,1,B,daily
163,8,22,B,sparse4
163,9,234,B,sparse4
163,10,2,C,sparse4
163,11,162,C,sparse4
164,1,164,A,daily
164,2,169,A,daily
164,3,182,A,daily
164,4,186,A,daily
164,5,190,A,daily
164,6,195,A,daily
164,7,1,B,daily
164,8,6,B,sparse4
164,9,206,B,sparse4
164,10,3,C,sparse4
164,11,183,C,sparse4
165,1,164,A,daily
165,2,169,A,daily
165,3,182,A,daily
165,4,186,A,daily
165,5,190,A,daily
165,6,195,A,daily
165,7,1,B,daily
165,8,9,B,sparse4
165,9,208,B,sparse4
165,10,13,C,sparse4
165,11,189,C,sparse4
166,1,164,A,daily
166,2,169,A,daily
166,3,182,A,daily
166,4,186,A,daily
166,5,190,A,daily
166,6,195,A,daily
166,7,1,B,daily
166,8,19,B,sparse4
166,9,222,B,sparse4
166,10,14,C,sparse4
166,11,223,C,sparse4
167,1,164,A,daily
167,2,169,A,daily
167,3,182,A,daily
167,4,186,A,daily
167,5,190,A,daily
167,6,195,A,daily
167,7,1,B,daily
167,8,22,B,sparse4
167,9,234,B,sparse4
167,10,2,C,sparse4
167,11,162,C,sparse4
168,1,164,A,daily
168,2,169,A,daily
168,3,182,A,daily
168,4,186,A,daily
168,5,190,A,daily
168,6,195,A,daily
168,7,1,B,daily
168,8,6,B,sparse4
168,9,206,B,sparse4
168,10,3,C,sparse4
168,11,183,C,sparse4
169,1,164,A,daily
169,2,169,A,daily
169,3,182,A,daily
169,4,186,A,daily
169,5,190,A,daily
169,6,195,A,daily
169,7,1,B,daily
169,8,9,B,sparse4
169,9,208,B,sparse4
169,10,13,C,sparse4
169,11,189,C,sparse4
170,1,164,A,daily
170,2,169,A,daily
170,3,182,A,daily
170,4,186,A,daily
170,5,190,A,daily
170,6,195,A,daily
170,7,1,B,daily
170,8,19,B,sparse4
170,9,222,B,sparse4
170,10,14,C,sparse4
170,11,223,C,sparse4
171,1,164,A,daily
171,2,169,A,daily
171,3,182,A,daily
171,4,186,A,daily
171,5,190,A,daily
171,6,195,A,daily
171,7,1,B,daily
171,8,22,B,sparse4
171,9,234,B,sparse4
171,10,2,C,sparse4
171,11,162,C,sparse4
172,1,164,A,daily
172,2,169,A,daily
172,3,182,A,daily
172,4,186,A,daily
172,5,190,A,daily
172,6,195,A,daily
172,7,1,B,daily
172,8,6,B,sparse4
172,9,206,B,sparse4
172,10,3,C,sparse4
172,11,183,C,sparse4
173,1,164,A,daily
173,2,169,A,daily
173,3,182,A,daily
173,4,186,A,daily
173,5,190,A,daily
173,6,195,A,daily
173,7,1,B,daily
173,8,9,B,sparse4
173,9,208,B,sparse4
173,10,13,C,sparse4
173,11,189,C,sparse4
174,1,164,A,daily
174,2,169,A,daily
174,3,182,A,daily
174,4,186,A,daily
174,5,190,A,daily
174,6,195,A,daily
174,7,1,B,daily
174,8,19,B,sparse4
174,9,222,B,sparse4
174,10,14,C,sparse4
174,11,223,C,sparse4
175,1,164,A,daily
175,2,169,A,daily
175,3,182,A,daily
175,4,186,A,daily
175,5,190,A,daily
175,6,195,A,daily
175,7,1,B,daily
175,8,22,B,sparse4
175,9,234,B,sparse4
175,10,2,C,sparse4
175,11,162,C,sparse4
176,1,164,A,daily
176,2,169,A,daily
176,3,182,A,daily
176,4,186,A,daily
176,5,190,A,daily
176,6,195,A,daily
176,7,1,B,daily
176,8,6,B,sparse4
176,9,206,B,sparse4
176,10,3,C,sparse4
176,11,183,C,sparse4
177,1,164,A,daily
177,2,169,A,daily
177,3,182,A,daily
177,4,186,A,daily
177,5,190,A,daily
177,6,195,A,daily
177,7,1,B,daily
177,8,9,B,sparse4
177,9,208,B,sparse4
177,10,13,C,sparse4
177,11,189,C,sparse4
178,1,164,A,daily
178,2,169,A,daily
178,3,182,A,daily
178,4,186,A,daily
178,5,190,A,daily
178,6,195,A,daily
178,7,1,B,daily
178,8,19,B,sparse4
178,9,222,B,sparse4
178,10,14,C,sparse4
178,11,223,C,sparse4
179,1,164,A,daily
179,2,169,A,daily
179,3,182,A,daily
179,4,186,A,daily
179,5,190,A,daily
179,6,195,A,daily
179,7,1,B,daily
179,8,22,B,sparse4
179,9,234,B,sparse4
179,10,2,C,sparse4
179,11,162,C,sparse4
180,1,164,A,daily
180,2,169,A,daily
180,3,182,A,daily
180,4,186,A,daily
180,5,190,A,daily
180,6,195,A,daily
180,7,1,B,daily
180,8,6,B,sparse4
180,9,206,B,sparse4
180,10,3,C,sparse4
180,11,183,C,sparse4
181,1,31,A,daily
181,2,53,A,daily
181,3,76,A,daily
181,4,77,A,daily
181,5,163,A,daily
181,6,191,A,daily
181,7,9,B,daily
181,8,22,B,sparse4
181,9,222,B,daily
181,10,13,C,sparse4
181,11,189,C,sparse4
182,1,31,A,daily
182,2,53,A,daily
182,3,76,A,daily
182,4,77,A,daily
182,5,163,A,daily
182,6,191,A,daily
182,7,9,B,daily
182,8,34,B,sparse4
182,9,222,B,daily
182,10,14,C,sparse4
182,11,223,C,sparse4
183,1,31,A,daily
183,2,53,A,daily
183,3,76,A,daily
183,4,77,A,daily
183,5,163,A,daily
183,6,191,A,daily
183,7,9,B,daily
183,8,204,B,sparse4
183,9,222,B,daily
183,10,2,C,sparse4
183,11,162,C,sparse4
184,1,31,A,daily
184,2,53,A,daily
184,3,76,A,daily
184,4,77,A,daily
184,5,163,A,daily
184,6,191,A,daily
184,7,9,B,daily
184,8,222,B,daily
184,9,240,B,sparse4
184,10,3,C,sparse4
184,11,183,C,sparse4
185,1,31,A,daily
185,2,53,A,daily
185,3,76,A,daily
185,4,77,A,daily
185,5,163,A,daily
185,6,191,A,daily
185,7,9,B,daily
185,8,22,B,sparse4
185,9,222,B,daily
185,10,13,C,sparse4
185,11,189,C,sparse4
186,1,31,A,daily
186,2,53,A,daily
186,3,76,A,daily
186,4,77,A,daily
186,5,163,A,daily
186,6,191,A,daily
186,7,9,B,daily
186,8,34,B,sparse4
186,9,222,B,daily
186,10,14,C,sparse4
186,11,223,C,sparse4
187,1,31,A,daily
187,2,53,A,daily
187,3,76,A,daily
187,4,77,A,daily
187,5,163,A,daily
187,6,191,A,daily
187,7,9,B,daily
187,8,204,B,sparse4
187,9,222,B,daily
187,10,2,C,sparse4
187,11,162,C,sparse4
188,1,31,A,daily
188,2,53,A,daily
188,3,76,A,daily
188,4,77,A,daily
188,5,163,A,daily
188,6,191,A,daily
188,7,9,B,daily
188,8,222,B,daily
188,9,240,B,sparse4
188,10,3,C,sparse4
188,11,183,C,sparse4
189,1,31,A,daily
189,2,53,A,daily
189,3,76,A,daily
189,4,77,A,daily
189,5,163,A,daily
189,6,191,A,daily
189,7,9,B,daily
189,8,22,B,sparse4
189,9,222,B,daily
189,10,13,C,sparse4
189,11,189,C,sparse4
190,1,31,A,daily
190,2,53,A,daily
190,3,76,A,daily
190,4,77,A,daily
190,5,163,A,daily
190,6,191,A,daily
190,7,9,B,daily
190,8,34,B,sparse4
190,9,222,B,daily
190,10,14,C,sparse4
190,11,223,C,sparse4
191,1,31,A,daily
191,2,53,A,daily
191,3,76,A,daily
191,4,77,A,daily
191,5,163,A,daily
191,6,191,A,daily
191,7,9,B,daily
191,8,204,B,sparse4
191,9,222,B,daily
191,10,2,C,sparse4
191,11,162,C,sparse4
192,1,31,A,daily
192,2,53,A,daily
192,3,76,A,daily
192,4,77,A,daily
192,5,163,A,daily
192,6,191,A,daily
192,7,9,B,daily
192,8,222,B,daily
192,9,240,B,sparse4
192,10,3,C,sparse4
192,11,183,C,sparse4
193,1,31,A,daily
193,2,53,A,daily
193,3,76,A,daily
193,4,77,A,daily
193,5,163,A,daily
193,6,191,A,daily
193,7,9,B,daily
193,8,22,B,sparse4
193,9,222,B,daily
193,10,13,C,sparse4
193,11,189,C,sparse4
194,1,31,A,daily
194,2,53,A,daily
194,3,76,A,daily
194,4,77,A,daily
194,5,163,A,daily
194,6,191,A,daily
194,7,9,B,daily
194,8,34,B,sparse4
194,9,222,B,daily
194,10,14,C,sparse4
194,11,223,C,sparse4
195,1,31,A,daily
195,2,53,A,daily
195,3,76,A,daily
195,4,77,A,daily
195,5,163,A,daily
195,6,191,A,daily
195,7,9,B,daily
195,8,204,B,sparse4
195,9,222,B,daily
195,10,2,C,sparse4
195,11,162,C,sparse4
196,1,31,A,daily
196,2,53,A,daily
196,3,76,A,daily
196,4,77,A,daily
196,5,163,A,daily
196,6,191,A,daily
196,7,9,B,daily
196,8,222,B,daily
196,9,240,B,sparse4
196,10,3,C,sparse4
196,11,183,C,sparse4
197,1,31,A,daily
197,2,53,A,daily
197,3,76,A,daily
197,4,77,A,daily
197,5,163,A,daily
197,6,191,A,daily
197,7,9,B,daily
197,8,22,B,sparse4
197,9,222,B,daily
197,10,13,C,sparse4
197,11,189,C,sparse4
198,1,31,A,daily
198,2,53,A,daily
198,3,76,A,daily
198,4,77,A,daily
198,5,163,A,daily
198,6,191,A,daily
198,7,9,B,daily
198,8,34,B,sparse4
198,9,222,B,daily
198,10,14,C,sparse4
198,11,223,C,sparse4
199,1,31,A,daily
199,2,53,A,daily
199,3,76,A,daily
199,4,77,A,daily
199,5,163,A,daily
199,6,191,A,daily
199,7,9,B,daily
199,8,204,B,sparse4
199,9,222,B,daily
199,10,2,C,sparse4
199,11,162,C,sparse4
200,1,31,A,daily
200,2,53,A,daily
200,3,76,A,daily
200,4,77,A,daily
200,5,163,A,daily
200,6,191,A,daily
200,7,9,B,daily
200,8,222,B,daily
200,9,240,B,sparse4
200,10,3,C,sparse4
200,11,183,C,sparse4
201,1,31,A,daily
201,2,53,A,daily
201,3,76,A,daily
201,4,77,A,daily
201,5,163,A,daily
201,6,191,A,daily
201,7,9,B,daily
201,8,22,B,sparse4
201,9,222,B,daily
201,10,13,C,sparse4
201,11,189,C,sparse4
202,1,31,A,daily
202,2,53,A,daily
202,3,76,A,daily
202,4,77,A,daily
202,5,163,A,daily
202,6,191,A,daily
202,7,9,B,daily
202,8,34,B,sparse4
202,9,222,B,daily
202,10,14,C,sparse4
202,11,223,C,sparse4
203,1,31,A,daily
203,2,53,A,daily
203,3,76,A,daily
203,4,77,A,daily
203,5,163,A,daily
203,6,191,A,daily
203,7,9,B,daily
203,8,204,B,sparse4
203,9,222,B,daily
203,10,2,C,sparse4
203,11,162,C,sparse4
204,1,31,A,daily
204,2,53,A,daily
204,3,76,A,daily
204,4,77,A,daily
204,5,163,A,daily
204,6,191,A,daily
204,7,9,B,daily
204,8,222,B,daily
204,9,240,B,sparse4
204,10,3,C,sparse4
204,11,183,C,sparse4
205,1,31,A,daily
205,2,53,A,daily
205,3,76,A,daily
205,4,77,A,daily
205,5,163,A,daily
205,6,191,A,daily
205,7,9,B,daily
205,8,22,B,sparse4
205,9,222,B,daily
205,10,13,C,sparse4
205,11,189,C,sparse4
206,1,31,A,daily
206,2,53,A,daily
206,3,76,A,daily
206,4,77,A,daily
206,5,163,A,daily
206,6,191,A,daily
206,7,9,B,daily
206,8,34,B,sparse4
206,9,222,B,daily
206,10,14,C,sparse4
206,11,223,C,sparse4
207,1,31,A,daily
207,2,53,A,daily
207,3,76,A,daily
207,4,77,A,daily
207,5,163,A,daily
207,6,191,A,daily
207,7,9,B,daily
207,8,204,B,sparse4
207,9,222,B,daily
207,10,2,C,sparse4
207,11,162,C,sparse4
208,1,31,A,daily
208,2,53,A,daily
208,3,76,A,daily
208,4,77,A,daily
208,5,163,A,daily
208,6,191,A,daily
208,7,9,B,daily
208,8,222,B,daily
208,9,240,B,sparse4
208,10,3,C,sparse4
208,11,183,C,sparse4
209,1,31,A,daily
209,2,53,A,daily
209,3,76,A,daily
209,4,77,A,daily
209,5,163,A,daily
209,6,191,A,daily
209,7,9,B,daily
209,8,22,B,sparse4
209,9,222,B,daily
209,10,13,C,sparse4
209,11,189,C,sparse4
210,1,31,A,daily
210,2,53,A,daily
210,3,76,A,daily
210,4,77,A,daily
210,5,163,A,daily
210,6,191,A,daily
210,7,9,B,daily
210,8,34,B,sparse4
210,9,222,B,daily
210,10,14,C,sparse4
210,11,223,C,sparse4
211,1,31,A,daily
211,2,53,A,daily
211,3,76,A,daily
211,4,77,A,daily
211,5,163,A,daily
211,6,191,A,daily
211,7,9,B,daily
211,8,204,B,sparse4
211,9,222,B,daily
211,10,2,C,sparse4
211,11,162,C,sparse4
212,1,31,A,daily
212,2,53,A,daily
212,3,76,A,daily
212,4,77,A,daily
212,5,163,A,daily
212,6,191,A,daily
212,7,9,B,daily
212,8,222,B,daily
212,9,240,B,sparse4
212,10,3,C,sparse4
212,11,183,C,sparse4
213,1,31,A,daily
213,2,53,A,daily
213,3,76,A,daily
213,4,77,A,daily
213,5,163,A,daily
213,6,191,A,daily
213,7,9,B,daily
213,8,22,B,sparse4
213,9,222,B,daily
213,10,13,C,sparse4
213,11,189,C,sparse4
214,1,31,A,daily
214,2,53,A,daily
214,3,76,A,daily
214,4,77,A,daily
214,5,163,A,daily
214,6,191,A,daily
214,7,9,B,daily
214,8,34,B,sparse4
214,9,222,B,daily
214,10,14,C,sparse4
214,11,223,C,sparse4
215,1,31,A,daily
215,2,53,A,daily
215,3,76,A,daily
215,4,77,A,daily
215,5,163,A,daily
215,6,191,A,daily
215,7,9,B,daily
215,8,204,B,sparse4
215,9,222,B,daily
215,10,2,C,sparse4
215,11,162,C,sparse4
216,1,31,A,daily
216,2,53,A,daily
216,3,76,A,daily
216,4,77,A,daily
216,5,163,A,daily
216,6,191,A,daily
216,7,9,B,daily
216,8,222,B,daily
216,9,240,B,sparse4
216,10,3,C,sparse4
216,11,183,C,sparse4
217,1,31,A,daily
217,2,53,A,daily
217,3,76,A,daily
217,4,77,A,daily
217,5,163,A,daily
217,6,191,A,daily
217,7,9,B,daily
217,8,22,B,sparse4
217,9,222,B,daily
217,10,13,C,sparse4
217,11,189,C,sparse4
218,1,31,A,daily
218,2,53,A,daily
218,3,76,A,daily
218,4,77,A,daily
218,5,163,A,daily
218,6,191,A,daily
218,7,9,B,daily
218,8,34,B,sparse4
218,9,222,B,daily
218,10,14,C,sparse4
218,11,223,C,sparse4
219,1,31,A,daily
219,2,53,A,daily
219,3,76,A,daily
219,4,77,A,daily
219,5,163,A,daily
219,6,191,A,daily
219,7,9,B,daily
219,8,204,B,sparse4
219,9,222,B,daily
219,10,2,C,sparse4
219,11,162,C,sparse4
220,1,31,A,daily
220,2,53,A,daily
220,3,76,A,daily
220,4,77,A,daily
220,5,163,A,daily
220,6,191,A,daily
220,7,9,B,daily
220,8,222,B,daily
220,9,240,B,sparse4
220,10,3,C,sparse4
220,11,183,C,sparse4
221,1,31,A,daily
221,2,53,A,daily
221,3,76,A,daily
221,4,77,A,daily
221,5,163,A,daily
221,6,191,A,daily
221,7,9,B,daily
221,8,22,B,sparse4
221,9,222,B,daily
221,10,13,C,sparse4
221,11,189,C,sparse4
222,1,31,A,daily
222,2,53,A,daily
222,3,76,A,daily
222,4,77,A,daily
222,5,163,A,daily
222,6,191,A,daily
222,7,9,B,daily
222,8,34,B,sparse4
222,9,222,B,daily
222,10,14,C,sparse4
222,11,223,C,sparse4
223,1,31,A,daily
223,2,53,A,daily
223,3,76,A,daily
223,4,77,A,daily
223,5,163,A,daily
223,6,191,A,daily
223,7,9,B,daily
223,8,204,B,sparse4
223,9,222,B,daily
223,10,2,C,sparse4
223,11,162,C,sparse4
224,1,31,A,daily
224,2,53,A,daily
224,3,76,A,daily
224,4,77,A,daily
224,5,163,A,daily
224,6,191,A,daily
224,7,9,B,daily
224,8,222,B,daily
224,9,240,B,sparse4
224,10,3,C,sparse4
224,11,183,C,sparse4
225,1,31,A,daily
225,2,53,A,daily
225,3,76,A,daily
225,4,77,A,daily
225,5,163,A,daily
225,6,191,A,daily
225,7,9,B,daily
225,8,22,B,sparse4
225,9,222,B,daily
225,10,13,C,sparse4
225,11,189,C,sparse4
226,1,11,A,daily
226,2,21,A,daily
226,3,75,A,daily
226,4,78,A,daily
226,5,165,A,daily
226,6,187,A,daily
226,7,1,B,sparse4
226,8,34,B,daily
226,9,204,B,sparse4
226,10,18,C,sparse4
226,11,39,C,sparse4
227,1,11,A,daily
227,2,21,A,daily
227,3,75,A,daily
227,4,78,A,daily
227,5,165,A,daily
227,6,187,A,daily
227,7,7,B,sparse4
227,8,34,B,daily
227,9,206,B,sparse4
227,10,33,C,sparse4
227,11,52,C,sparse4
228,1,11,A,daily
228,2,21,A,daily
228,3,75,A,daily
228,4,78,A,daily
228,5,165,A,daily
228,6,187,A,daily
228,7,17,B,sparse4
228,8,34,B,daily
228,9,208,B,sparse4
228,10,35,C,sparse4
228,11,54,C,sparse4
229,1,11,A,daily
229,2,21,A,daily
229,3,75,A,daily
229,4,78,A,daily
229,5,165,A,daily
229,6,187,A,daily
229,7,19,B,sparse4
229,8,34,B,daily
229,9,222,B,sparse4
229,10,36,C,sparse4
229,11,57,C,sparse4
230,1,11,A,daily
230,2,21,A,daily
230,3,75,A,daily
230,4,78,A,daily
230,5,165,A,daily
230,6,187,A,daily
230,7,1,B,sparse4
230,8,34,B,daily
230,9,204,B,sparse4
230,10,18,C,sparse4
230,11,39,C,sparse4
231,1,11,A,daily
231,2,21,A,daily
231,3,75,A,daily
231,4,78,A,daily
231,5,165,A,daily
231,6,187,A,daily
231,7,7,B,sparse4
231,8,34,B,daily
231,9,206,B,sparse4
231,10,33,C,sparse4
231,11,52,C,sparse4
232,1,11,A,daily
232,2,21,A,daily
232,3,75,A,daily
232,4,78,A,daily
232,5,165,A,daily
232,6,187,A,daily
232,7,17,B,sparse4
232,8,34,B,daily
232,9,208,B,sparse4
232,10,35,C,sparse4
232,11,54,C,sparse4
233,1,11,A,daily
233,2,21,A,daily
233,3,75,A,daily
233,4,78,A,daily
233,5,165,A,daily
233,6,187,A,daily
233,7,19,B,sparse4
233,8,34,B,daily
233,9,222,B,sparse4
233,10,36,C,sparse4
233,11,57,C,sparse4
234,1,11,A,daily
234,2,21,A,daily
234,3,75,A,daily
234,4,78,A,daily
234,5,165,A,daily
234,6,187,A,daily
234,7,1,B,sparse4
234,8,34,B,daily
234,9,204,B,sparse4
234,10,18,C,sparse4
234,11,39,C,sparse4
235,1,11,A,daily
235,2,21,A,daily
235,3,75,A,daily
235,4,78,A,daily
235,5,165,A,daily
235,6,187,A,daily
235,7,7,B,sparse4
235,8,34,B,daily
235,9,206,B,sparse4
235,10,33,C,sparse4
235,11,52,C,sparse4
236,1,11,A,daily
236,2,21,A,daily
236,3,75,A,daily
236,4,78,A,daily
236,5,165,A,daily
236,6,187,A,daily
236,7,17,B,sparse4
236,8,34,B,daily
236,9,208,B,sparse4
236,10,35,C,sparse4
236,11,54,C,sparse4
237,1,11,A,daily
237,2,21,A,daily
237,3,75,A,daily
237,4,78,A,daily
237,5,165,A,daily
237,6,187,A,daily
237,7,19,B,sparse4
237,8,34,B,daily
237,9,222,B,sparse4
237,10,36,C,sparse4
237,11,57,C,sparse4
238,1,11,A,daily
238,2,21,A,daily
238,3,75,A,daily
238,4,78,A,daily
238,5,165,A,daily
238,6,187,A,daily
238,7,1,B,sparse4
238,8,34,B,daily
238,9,204,B,sparse4
238,10,18,C,sparse4
238,11,39,C,sparse4
239,1,11,A,daily
239,2,21,A,daily
239,3,75,A,daily
239,4,78,A,daily
239,5,165,A,daily
239,6,187,A,daily
239,7,7,B,sparse4
239,8,34,B,daily
239,9,206,B,sparse4
239,10,33,C,sparse4
239,11,52,C,sparse4
240,1,11,A,daily
240,2,21,A,daily
240,3,75,A,daily
240,4,78,A,daily
240,5,165,A,daily
240,6,187,A,daily
240,7,17,B,sparse4
240,8,34,B,daily
240,9,208,B,sparse4
240,10,35,C,sparse4
240,11,54,C,sparse4
241,1,11,A,daily
241,2,21,A,daily
241,3,75,A,daily
241,4,78,A,daily
241,5,165,A,daily
241,6,187,A,daily
241,7,19,B,sparse4
241,8,34,B,daily
241,9,222,B,sparse4
241,10,36,C,sparse4
241,11,57,C,sparse4
242,1,11,A,daily
242,2,21,A,daily
242,3,75,A,daily
242,4,78,A,daily
242,5,165,A,daily
242,6,187,A,daily
242,7,1,B,sparse4
242,8,34,B,daily
242,9,204,B,sparse4
242,10,18,C,sparse4
242,11,39,C,sparse4
243,1,11,A,daily
243,2,21,A,daily
243,3,75,A,daily
243,4,78,A,daily
243,5,165,A,daily
243,6,187,A,daily
243,7,7,B,sparse4
243,8,34,B,daily
243,9,206,B,sparse4
243,10,33,C,sparse4
243,11,52,C,sparse4
244,1,11,A,daily
244,2,21,A,daily
244,3,75,A,daily
244,4,78,A,daily
244,5,165,A,daily
244,6,187,A,daily
244,7,17,B,sparse4
244,8,34,B,daily
244,9,208,B,sparse4
244,10,35,C,sparse4
244,11,54,C,sparse4
245,1,11,A,daily
245,2,21,A,daily
245,3,75,A,daily
245,4,78,A,daily
245,5,165,A,daily
245,6,187,A,daily
245,7,19,B,sparse4
245,8,34,B,daily
245,9,222,B,sparse4
245,10,36,C,sparse4
245,11,57,C,sparse4
246,1,11,A,daily
246,2,21,A,daily
246,3,75,A,daily
246,4,78,A,daily
246,5,165,A,daily
246,6,187,A,daily
246,7,1,B,sparse4
246,8,34,B,daily
246,9,204,B,sparse4
246,10,18,C,sparse4
246,11,39,C,sparse4
247,1,11,A,daily
247,2,21,A,daily
247,3,75,A,daily
247,4,78,A,daily
247,5,165,A,daily
247,6,187,A,daily
247,7,7,B,sparse4
247,8,34,B,daily
247,9,206,B,sparse4
247,10,33,C,sparse4
247,11,52,C,sparse4
248,1,11,A,daily
248,2,21,A,daily
248,3,75,A,daily
248,4,78,A,daily
248,5,165,A,daily
248,6,187,A,daily
248,7,17,B,sparse4
248,8,34,B,daily
248,9,208,B,sparse4
248,10,35,C,sparse4
248,11,54,C,sparse4
249,1,11,A,daily
249,2,21,A,daily
249,3,75,A,daily
249,4,78,A,daily
249,5,165,A,daily
249,6,187,A,daily
249,7,19,B,sparse4
249,8,34,B,daily
249,9,222,B,sparse4
249,10,36,C,sparse4
249,11,57,C,sparse4
250,1,11,A,daily
250,2,21,A,daily
250,3,75,A,daily
250,4,78,A,daily
250,5,165,A,daily
250,6,187,A,daily
250,7,1,B,sparse4
250,8,34,B,daily
250,9,204,B,sparse4
250,10,18,C,sparse4
250,11,39,C,sparse4
251,1,11,A,daily
251,2,21,A,daily
251,3,75,A,daily
251,4,78,A,daily
251,5,165,A,daily
251,6,187,A,daily
251,7,7,B,sparse4
251,8,34,B,daily
251,9,206,B,sparse4
251,10,33,C,sparse4
251,11,52,C,sparse4
252,1,11,A,daily
252,2,21,A,daily
252,3,75,A,daily
252,4,78,A,daily
252,5,165,A,daily
252,6,187,A,daily
252,7,17,B,sparse4
252,8,34,B,daily
252,9,208,B,sparse4
252,10,35,C,sparse4
252,11,54,C,sparse4
253,1,11,A,daily
253,2,21,A,daily
253,3,75,A,daily
253,4,78,A,daily
253,5,165,A,daily
253,6,187,A,daily
253,7,19,B,sparse4
253,8,34,B,daily
253,9,222,B,sparse4
253,10,36,C,sparse4
253,11,57,C,sparse4
254,1,11,A,daily
254,2,21,A,daily
254,3,75,A,daily
254,4,78,A,daily
254,5,165,A,daily
254,6,187,A,daily
254,7,1,B,sparse4
254,8,34,B,daily
254,9,204,B,sparse4
254,10,18,C,sparse4
254,11,39,C,sparse4
255,1,11,A,daily
255,2,21,A,daily
255,3,75,A,daily
255,4,78,A,daily
255,5,165,A,daily
255,6,187,A,daily
255,7,7,B,sparse4
255,8,34,B,daily
255,9,206,B,sparse4
255,10,33,C,sparse4
255,11,52,C,sparse4
256,1,11,A,daily
256,2,21,A,daily
256,3,75,A,daily
256,4,78,A,daily
256,5,165,A,daily
256,6,187,A,daily
256,7,17,B,sparse4
256,8,34,B,daily
256,9,208,B,sparse4
256,10,35,C,sparse4
256,11,54,C,sparse4
257,1,11,A,daily
257,2,21,A,daily
257,3,75,A,daily
257,4,78,A,daily
257,5,165,A,daily
257,6,187,A,daily
257,7,19,B,sparse4
257,8,34,B,daily
257,9,222,B,sparse4
257,10,36,C,sparse4
257,11,57,C,sparse4
258,1,11,A,daily
258,2,21,A,daily
258,3,75,A,daily
258,4,78,A,daily
258,5,165,A,daily
258,6,187,A,daily
258,7,1,B,sparse4
258,8,34,B,daily
258,9,204,B,sparse4
258,10,18,C,sparse4
258,11,39,C,sparse4
259,1,11,A,daily
259,2,21,A,daily
259,3,75,A,daily
259,4,78,A,daily
259,5,165,A,daily
259,6,187,A,daily
259,7,7,B,sparse4
259,8,34,B,daily
259,9,206,B,sparse4
259,10,33,C,sparse4
259,11,52,C,sparse4
260,1,11,A,daily
260,2,21,A,daily
260,3,75,A,daily
260,4,78,A,daily
260,5,165,A,daily
260,6,187,A,daily
260,7,17,B,sparse4
260,8,34,B,daily
260,9,208,B,sparse4
260,10,35,C,sparse4
260,11,54,C,sparse4
261,1,11,A,daily
261,2,21,A,daily
261,3,75,A,daily
261,4,78,A,daily
261,5,165,A,daily
261,6,187,A,daily
261,7,19,B,sparse4
261,8,34,B,daily
261,9,222,B,sparse4
261,10,36,C,sparse4
261,11,57,C,sparse4
262,1,11,A,daily
262,2,21,A,daily
262,3,75,A,daily
262,4,78,A,daily
262,5,165,A,daily
262,6,187,A,daily
262,7,1,B,sparse4
262,8,34,B,daily
262,9,204,B,sparse4
262,10,18,C,sparse4
262,11,39,C,sparse4
263,1,11,A,daily
263,2,21,A,daily
263,3,75,A,daily
263,4,78,A,daily
263,5,165,A,daily
263,6,187,A,daily
263,7,7,B,sparse4
263,8,34,B,daily
263,9,206,B,sparse4
263,10,33,C,sparse4
263,11,52,C,sparse4
264,1,11,A,daily
264,2,21,A,daily
264,3,75,A,daily
264,4,78,A,daily
264,5,165,A,daily
264,6,187,A,daily
264,7,17,B,sparse4
264,8,34,B,daily
264,9,208,B,sparse4
264,10,35,C,sparse4
264,11,54,C,sparse4
265,1,11,A,daily
265,2,21,A,daily
265,3,75,A,daily
265,4,78,A,daily
265,5,165,A,daily
265,6,187,A,daily
265,7,19,B,sparse4
265,8,34,B,daily
265,9,222,B,sparse4
265,10,36,C,sparse4
265,11,57,C,sparse4
266,1,11,A,daily
266,2,21,A,daily
266,3,75,A,daily
266,4,78,A,daily
266,5,165,A,daily
266,6,187,A,daily
266,7,1,B,sparse4
266,8,34,B,daily
266,9,204,B,sparse4
266,10,18,C,sparse4
266,11,39,C,sparse4
267,1,11,A,daily
267,2,21,A,daily
267,3,75,A,daily
267,4,78,A,daily
267,5,165,A,daily
267,6,187,A,daily
267,7,7,B,sparse4
267,8,34,B,daily
267,9,206,B,sparse4
267,10,33,C,sparse4
267,11,52,C,sparse4
268,1,11,A,daily
268,2,21,A,daily
268,3,75,A,daily
268,4,78,A,daily
268,5,165,A,daily
268,6,187,A,daily
268,7,17,B,sparse4
268,8,34,B,daily
268,9,208,B,sparse4
268,10,35,C,sparse4
268,11,54,C,sparse4
269,1,11,A,daily
269,2,21,A,daily
269,3,75,A,daily
269,4,78,A,daily
269,5,165,A,daily
269,6,187,A,daily
269,7,19,B,sparse4
269,8,34,B,daily
269,9,222,B,sparse4
269,10,36,C,sparse4
269,11,57,C,sparse4
270,1,11,A,daily
270,2,21,A,daily
270,3,75,A,daily
270,4,78,A,daily
270,5,165,A,daily
270,6,187,A,daily
270,7,1,B,sparse4
270,8,34,B,daily
270,9,204,B,sparse4
270,10,18,C,sparse4
270,11,39,C,sparse4
271,1,27,A,daily
271,2,29,A,daily
271,3,30,A,daily
271,4,45,A,daily
271,5,81,A,daily
271,6,231,A,daily
271,7,1,B,sparse4
271,8,204,B,daily
271,9,206,B,daily
271,10,33,C,sparse4
271,11,52,C,sparse4
272,1,27,A,daily
272,2,29,A,daily
272,3,30,A,daily
272,4,45,A,daily
272,5,81,A,daily
272,6,231,A,daily
272,7,17,B,sparse4
272,8,204,B,daily
272,9,206,B,daily
272,10,35,C,sparse4
272,11,54,C,sparse4
273,1,27,A,daily
273,2,29,A,daily
273,3,30,A,daily
273,4,45,A,daily
273,5,81,A,daily
273,6,231,A,daily
273,7,204,B,daily
273,8,206,B,daily
273,9,224,B,sparse4
273,10,36,C,sparse4
273,11,57,C,sparse4
274,1,27,A,daily
274,2,29,A,daily
274,3,30,A,daily
274,4,45,A,daily
274,5,81,A,daily
274,6,231,A,daily
274,7,204,B,daily
274,8,206,B,daily
274,9,235,B,sparse4
274,10,18,C,sparse4
274,11,39,C,sparse4
275,1,27,A,daily
275,2,29,A,daily
275,3,30,A,daily
275,4,45,A,daily
275,5,81,A,daily
275,6,231,A,daily
275,7,1,B,sparse4
275,8,204,B,daily
275,9,206,B,daily
275,10,33,C,sparse4
275,11,52,C,sparse4
276,1,27,A,daily
276,2,29,A,daily
276,3,30,A,daily
276,4,45,A,daily
276,5,81,A,daily
276,6,231,A,daily
276,7,17,B,sparse4
276,8,204,B,daily
276,9,206,B,daily
276,10,35,C,sparse4
276,11,54,C,sparse4
277,1,27,A,daily
277,2,29,A,daily
277,3,30,A,daily
277,4,45,A,daily
277,5,81,A,daily
277,6,231,A,daily
277,7,204,B,daily
277,8,206,B,daily
277,9,224,B,sparse4
277,10,36,C,sparse4
277,11,57,C,sparse4
278,1,27,A,daily
278,2,29,A,daily
278,3,30,A,daily
278,4,45,A,daily
278,5,81,A,daily
278,6,231,A,daily
278,7,204,B,daily
278,8,206,B,daily
278,9,235,B,sparse4
278,10,18,C,sparse4
278,11,39,C,sparse4
279,1,27,A,daily
279,2,29,A,daily
279,3,30,A,daily
279,4,45,A,daily
279,5,81,A,daily
279,6,231,A,daily
279,7,1,B,sparse4
279,8,204,B,daily
279,9,206,B,daily
279,10,33,C,sparse4
279,11,52,C,sparse4
280,1,27,A,daily
280,2,29,A,daily
280,3,30,A,daily
280,4,45,A,daily
280,5,81,A,daily
280,6,231,A,daily
280,7,17,B,sparse4
280,8,204,B,daily
280,9,206,B,daily
280,10,35,C,sparse4
280,11,54,C,sparse4
281,1,27,A,daily
281,2,29,A,daily
281,3,30,A,daily
281,4,45,A,daily
281,5,81,A,daily
281,6,231,A,daily
281,7,204,B,daily
281,8,206,B,daily
281,9,224,B,sparse4
281,10,36,C,sparse4
281,11,57,C,sparse4
282,1,27,A,daily
282,2,29,A,daily
282,3,30,A,daily
282,4,45,A,daily
282,5,81,A,daily
282,6,231,A,daily
282,7,204,B,daily
282,8,206,B,daily
282,9,235,B,sparse4
282,10,18,C,sparse4
282,11,39,C,sparse4
283,1,27,A,daily
283,2,29,A,daily
283,3,30,A,daily
283,4,45,A,daily
283,5,81,A,daily
283,6,231,A,daily
283,7,1,B,sparse4
283,8,204,B,daily
283,9,206,B,daily
283,10,33,C,sparse4
283,11,52,C,sparse4
284,1,27,A,daily
284,2,29,A,daily
284,3,30,A,daily
284,4,45,A,daily
284,5,81,A,daily
284,6,231,A,daily
284,7,17,B,sparse4
284,8,204,B,daily
284,9,206,B,daily
284,10,35,C,sparse4
284,11,54,C,sparse4
285,1,27,A,daily
285,2,29,A,daily
285,3,30,A,daily
285,4,45,A,daily
285,5,81,A,daily
285,6,231,A,daily
285,7,204,B,daily
285,8,206,B,daily
285,9,224,B,sparse4
285,10,36,C,sparse4
285,11,57,C,sparse4
286,1,27,A,daily
286,2,29,A,daily
286,3,30,A,daily
286,4,45,A,daily
286,5,81,A,daily
286,6,231,A,daily
286,7,204,B,daily
286,8,206,B,daily
286,9,235,B,sparse4
286,10,18,C,sparse4
286,11,39,C,sparse4
287,1,27,A,daily
287,2,29,A,daily
287,3,30,A,daily
287,4,45,A,daily
287,5,81,A,daily
287,6,231,A,daily
287,7,1,B,sparse4
287,8,204,B,daily
287,9,206,B,daily
287,10,33,C,sparse4
287,11,52,C,sparse4
288,1,27,A,daily
288,2,29,A,daily
288,3,30,A,daily
288,4,45,A,daily
288,5,81,A,daily
288,6,231,A,daily
288,7,17,B,sparse4
288,8,204,B,daily
288,9,206,B,daily
288,10,35,C,sparse4
288,11,54,C,sparse4
289,1,27,A,daily
289,2,29,A,daily
289,3,30,A,daily
289,4,45,A,daily
289,5,81,A,daily
289,6,231,A,daily
289,7,204,B,daily
289,8,206,B,daily
289,9,224,B,sparse4
289,10,36,C,sparse4
289,11,57,C,sparse4
290,1,27,A,daily
290,2,29,A,daily
290,3,30,A,daily
290,4,45,A,daily
290,5,81,A,daily
290,6,231,A,daily
290,7,204,B,daily
290,8,206,B,daily
290,9,235,B,sparse4
290,10,18,C,sparse4
290,11,39,C,sparse4
291,1,27,A,daily
291,2,29,A,daily
291,3,30,A,daily
291,4,45,A,daily
291,5,81,A,daily
291,6,231,A,daily
291,7,1,B,sparse4
291,8,204,B,daily
291,9,206,B,daily
291,10,33,C,sparse4
291,11,52,C,sparse4
292,1,27,A,daily
292,2,29,A,daily
292,3,30,A,daily
292,4,45,A,daily
292,5,81,A,daily
292,6,231,A,daily
292,7,17,B,sparse4
292,8,204,B,daily
292,9,206,B,daily
292,10,35,C,sparse4
292,11,54,C,sparse4
293,1,27,A,daily
293,2,29,A,daily
293,3,30,A,daily
293,4,45,A,daily
293,5,81,A,daily
293,6,231,A,daily
293,7,204,B,daily
293,8,206,B,daily
293,9,224,B,sparse4
293,10,36,C,sparse4
293,11,57,C,sparse4
294,1,27,A,daily
294,2,29,A,daily
294,3,30,A,daily
294,4,45,A,daily
294,5,81,A,daily
294,6,231,A,daily
294,7,204,B,daily
294,8,206,B,daily
294,9,235,B,sparse4
294,10,18,C,sparse4
294,11,39,C,sparse4
295,1,27,A,daily
295,2,29,A,daily
295,3,30,A,daily
295,4,45,A,daily
295,5,81,A,daily
295,6,231,A,daily
295,7,1,B,sparse4
295,8,204,B,daily
295,9,206,B,daily
295,10,33,C,sparse4
295,11,52,C,sparse4
296,1,27,A,daily
296,2,29,A,daily
296,3,30,A,daily
296,4,45,A,daily
296,5,81,A,daily
296,6,231,A,daily
296,7,17,B,sparse4
296,8,204,B,daily
296,9,206,B,daily
296,10,35,C,sparse4
296,11,54,C,sparse4
297,1,27,A,daily
297,2,29,A,daily
297,3,30,A,daily
297,4,45,A,daily
297,5,81,A,daily
297,6,231,A,daily
297,7,204,B,daily
297,8,206,B,daily
297,9,224,B,sparse4
297,10,36,C,sparse4
297,11,57,C,sparse4
298,1,27,A,daily
298,2,29,A,daily
298,3,30,A,daily
298,4,45,A,daily
298,5,81,A,daily
298,6,231,A,daily
298,7,204,B,daily
298,8,206,B,daily
298,9,235,B,sparse4
298,10,18,C,sparse4
298,11,39,C,sparse4
299,1,27,A,daily
299,2,29,A,daily
299,3,30,A,daily
299,4,45,A,daily
299,5,81,A,daily
299,6,231,A,daily
299,7,1,B,sparse4
299,8,204,B,daily
299,9,206,B,daily
299,10,33,C,sparse4
299,11,52,C,sparse4
300,1,27,A,daily
300,2,29,A,daily
300,3,30,A,daily
300,4,45,A,daily
300,5,81,A,daily
300,6,231,A,daily
300,7,17,B,sparse4
300,8,204,B,daily
300,9,206,B,daily
300,10,35,C,sparse4
300,11,54,C,sparse4
301,1,27,A,daily
301,2,29,A,daily
301,3,30,A,daily
301,4,45,A,daily
301,5,81,A,daily
301,6,231,A,daily
301,7,204,B,daily
301,8,206,B,daily
301,9,224,B,sparse4
301,10,36,C,sparse4
301,11,57,C,sparse4
302,1,27,A,daily
302,2,29,A,daily
302,3,30,A,daily
302,4,45,A,daily
302,5,81,A,daily
302,6,231,A,daily
302,7,204,B,daily
302,8,206,B,daily
302,9,235,B,sparse4
302,10,18,C,sparse4
302,11,39,C,sparse4
303,1,27,A,daily
303,2,29,A,daily
303,3,30,A,daily
303,4,45,A,daily
303,5,81,A,daily
303,6,231,A,daily
303,7,1,B,sparse4
303,8,204,B,daily
303,9,206,B,daily
303,10,33,C,sparse4
303,11,52,C,sparse4
304,1,27,A,daily
304,2,29,A,daily
304,3,30,A,daily
304,4,45,A,daily
304,5,81,A,daily
304,6,231,A,daily
304,7,17,B,sparse4
304,8,204,B,daily
304,9,206,B,daily
304,10,35,C,sparse4
304,11,54,C,sparse4
305,1,27,A,daily
305,2,29,A,daily
305,3,30,A,daily
305,4,45,A,daily
305,5,81,A,daily
305,6,231,A,daily
305,7,204,B,daily
305,8,206,B,daily
305,9,224,B,sparse4
305,10,36,C,sparse4
305,11,57,C,sparse4
306,1,27,A,daily
306,2,29,A,daily
306,3,30,A,daily
306,4,45,A,daily
306,5,81,A,daily
306,6,231,A,daily
306,7,204,B,daily
306,8,206,B,daily
306,9,235,B,sparse4
306,10,18,C,sparse4
306,11,39,C,sparse4
307,1,27,A,daily
307,2,29,A,daily
307,3,30,A,daily
307,4,45,A,daily
307,5,81,A,daily
307,6,231,A,daily
307,7,1,B,sparse4
307,8,204,B,daily
307,9,206,B,daily
307,10,33,C,sparse4
307,11,52,C,sparse4
308,1,27,A,daily
308,2,29,A,daily
308,3,30,A,daily
308,4,45,A,daily
308,5,81,A,daily
308,6,231,A,daily
308,7,17,B,sparse4
308,8,204,B,daily
308,9,206,B,daily
308,10,35,C,sparse4
308,11,54,C,sparse4
309,1,27,A,daily
309,2,29,A,daily
309,3,30,A,daily
309,4,45,A,daily
309,5,81,A,daily
309,6,231,A,daily
309,7,204,B,daily
309,8,206,B,daily
309,9,224,B,sparse4
309,10,36,C,sparse4
309,11,57,C,sparse4
310,1,27,A,daily
310,2,29,A,daily
310,3,30,A,daily
310,4,45,A,daily
310,5,81,A,daily
310,6,231,A,daily
310,7,204,B,daily
310,8,206,B,daily
310,9,235,B,sparse4
310,10,18,C,sparse4
310,11,39,C,sparse4
311,1,27,A,daily
311,2,29,A,daily
311,3,30,A,daily
311,4,45,A,daily
311,5,81,A,daily
311,6,231,A,daily
311,7,1,B,sparse4
311,8,204,B,daily
311,9,206,B,daily
311,10,33,C,sparse4
311,11,52,C,sparse4
312,1,27,A,daily
312,2,29,A,daily
312,3,30,A,daily
312,4,45,A,daily
312,5,81,A,daily
312,6,231,A,daily
312,7,17,B,sparse4
312,8,204,B,daily
312,9,206,B,daily
312,10,35,C,sparse4
312,11,54,C,sparse4
313,1,27,A,daily
313,2,29,A,daily
313,3,30,A,daily
313,4,45,A,daily
313,5,81,A,daily
313,6,231,A,daily
313,7,204,B,daily
313,8,206,B,daily
313,9,224,B,sparse4
313,10,36,C,sparse4
313,11,57,C,sparse4
314,1,27,A,daily
314,2,29,A,daily
314,3,30,A,daily
314,4,45,A,daily
314,5,81,A,daily
314,6,231,A,daily
314,7,204,B,daily
314,8,206,B,daily
314,9,235,B,sparse4
314,10,18,C,sparse4
314,11,39,C,sparse4
315,1,27,A,daily
315,2,29,A,daily
315,3,30,A,daily
315,4,45,A,daily
315,5,81,A,daily
315,6,231,A,daily
315,7,1,B,sparse4
315,8,204,B,daily
315,9,206,B,daily
315,10,33,C,sparse4
315,11,52,C,sparse4
316,1,49,A,daily
316,2,56,A,daily
316,3,61,A,daily
316,4,67,A,daily
316,5,237,A,daily
316,6,239,A,daily
316,7,6,B,sparse4
316,8,17,B,daily
316,9,224,B,sparse4
316,10,35,C,sparse4
316,11,54,C,sparse4
317,1,49,A,daily
317,2,56,A,daily
317,3,61,A,daily
317,4,67,A,daily
317,5,237,A,daily
317,6,239,A,daily
317,7,7,B,sparse4
317,8,17,B,daily
317,9,234,B,sparse4
317,10,36,C,sparse4
317,11,57,C,sparse4
318,1,49,A,daily
318,2,56,A,daily
318,3,61,A,daily
318,4,67,A,daily
318,5,237,A,daily
318,6,239,A,daily
318,7,9,B,sparse4
318,8,17,B,daily
318,9,235,B,sparse4
318,10,18,C,sparse4
318,11,39,C,sparse4
319,1,49,A,daily
319,2,56,A,daily
319,3,61,A,daily
319,4,67,A,daily
319,5,237,A,daily
319,6,239,A,daily
319,7,17,B,daily
319,8,34,B,sparse4
319,9,240,B,sparse4
319,10,33,C,sparse4
319,11,52,C,sparse4
320,1,49,A,daily
320,2,56,A,daily
320,3,61,A,daily
320,4,67,A,daily
320,5,237,A,daily
320,6,239,A,daily
320,7,6,B,sparse4
320,8,17,B,daily
320,9,224,B,sparse4
320,10,35,C,sparse4
320,11,54,C,sparse4
321,1,49,A,daily
321,2,56,A,daily
321,3,61,A,daily
321,4,67,A,daily
321,5,237,A,daily
321,6,239,A,daily
321,7,7,B,sparse4
321,8,17,B,daily
321,9,234,B,sparse4
321,10,36,C,sparse4
321,11,57,C,sparse4
322,1,49,A,daily
322,2,56,A,daily
322,3,61,A,daily
322,4,67,A,daily
322,5,237,A,daily
322,6,239,A,daily
322,7,9,B,sparse4
322,8,17,B,daily
322,9,235,B,sparse4
322,10,18,C,sparse4
322,11,39,C,sparse4
323,1,49,A,daily
323,2,56,A,daily
323,3,61,A,daily
323,4,67,A,daily
323,5,237,A,daily
323,6,239,A,daily
323,7,17,B,daily
323,8,34,B,sparse4
323,9,240,B,sparse4
323,10,33,C,sparse4
323,11,52,C,sparse4
324,1,49,A,daily
324,2,56,A,daily
324,3,61,A,daily
324,4,67,A,daily
324,5,237,A,daily
324,6,239,A,daily
324,7,6,B,sparse4
324,8,17,B,daily
324,9,224,B,sparse4
324,10,35,C,sparse4
324,11,54,C,sparse4
325,1,49,A,daily
325,2,56,A,daily
325,3,61,A,daily
325,4,67,A,daily
325,5,237,A,daily
325,6,239,A,daily
325,7,7,B,sparse4
325,8,17,B,daily
325,9,234,B,sparse4
325,10,36,C,sparse4
325,11,57,C,sparse4
326,1,49,A,daily
326,2,56,A,daily
326,3,61,A,daily
326,4,67,A,daily
326,5,237,A,daily
326,6,239,A,daily
326,7,9,B,sparse4
326,8,17,B,daily
326,9,235,B,sparse4
326,10,18,C,sparse4
326,11,39,C,sparse4
327,1,49,A,daily
327,2,56,A,daily
327,3,61,A,daily
327,4,67,A,daily
327,5,237,A,daily
327,6,239,A,daily
327,7,17,B,daily
327,8,34,B,sparse4
327,9,240,B,sparse4
327,10,33,C,sparse4
327,11,52,C,sparse4
328,1,49,A,daily
328,2,56,A,daily
328,3,61,A,daily
328,4,67,A,daily
328,5,237,A,daily
328,6,239,A,daily
328,7,6,B,sparse4
328,8,17,B,daily
328,9,224,B,sparse4
328,10,35,C,sparse4
328,11,54,C,sparse4
329,1,49,A,daily
329,2,56,A,daily
329,3,61,A,daily
329,4,67,A,daily
329,5,237,A,daily
329,6,239,A,daily
329,7,7,B,sparse4
329,8,17,B,daily
329,9,234,B,sparse4
329,10,36,C,sparse4
329,11,57,C,sparse4
330,1,49,A,daily
330,2,56,A,daily
330,3,61,A,daily
330,4,67,A,daily
330,5,237,A,daily
330,6,239,A,daily
330,7,9,B,sparse4
330,8,17,B,daily
330,9,235,B,sparse4
330,10,18,C,sparse4
330,11,39,C,sparse4
331,1,49,A,daily
331,2,56,A,daily
331,3,61,A,daily
331,4,67,A,daily
331,5,237,A,daily
331,6,239,A,daily
331,7,17,B,daily
331,8,34,B,sparse4
331,9,240,B,sparse4
331,10,33,C,sparse4
331,11,52,C,sparse4
332,1,49,A,daily
332,2,56,A,daily
332,3,61,A,daily
332,4,67,A,daily
332,5,237,A,daily
332,6,239,A,daily
332,7,6,B,sparse4
332,8,17,B,daily
332,9,224,B,sparse4
332,10,35,C,sparse4
332,11,54,C,sparse4
333,1,49,A,daily
333,2,56,A,daily
333,3,61,A,daily
333,4,67,A,daily
333,5,237,A,daily
333,6,239,A,daily
333,7,7,B,sparse4
333,8,17,B,daily
333,9,234,B,sparse4
333,10,36,C,sparse4
333,11,57,C,sparse4
334,1,49,A,daily
334,2,56,A,daily
334,3,61,A,daily
334,4,67,A,daily
334,5,237,A,daily
334,6,239,A,daily
334,7,9,B,sparse4
334,8,17,B,daily
334,9,235,B,sparse4
334,10,18,C,sparse4
334,11,39,C,sparse4
335,1,49,A,daily
335,2,56,A,daily
335,3,61,A,daily
335,4,67,A,daily
335,5,237,A,daily
335,6,239,A,daily
335,7,17,B,daily
335,8,34,B,sparse4
335,9,240,B,sparse4
335,10,33,C,sparse4
335,11,52,C,sparse4
336,1,49,A,daily
336,2,56,A,daily
336,3,61,A,daily
336,4,67,A,daily
336,5,237,A,daily
336,6,239,A,daily
336,7,6,B,sparse4
336,8,17,B,daily
336,9,224,B,sparse4
336,10,35,C,sparse4
336,11,54,C,sparse4
337,1,49,A,daily
337,2,56,A,daily
337,3,61,A,daily
337,4,67,A,daily
337,5,237,A,daily
337,6,239,A,daily
337,7,7,B,sparse4
337,8,17,B,daily
337,9,234,B,sparse4
337,10,36,C,sparse4
337,11,57,C,sparse4
338,1,49,A,daily
338,2,56,A,daily
338,3,61,A,daily
338,4,67,A,daily
338,5,237,A,daily
338,6,239,A,daily
338,7,9,B,sparse4
338,8,17,B,daily
338,9,235,B,sparse4
338,10,18,C,sparse4
338,11,39,C,sparse4
339,1,49,A,daily
339,2,56,A,daily
339,3,61,A,daily
339,4,67,A,daily
339,5,237,A,daily
339,6,239,A,daily
339,7,17,B,daily
339,8,34,B,sparse4
339,9,240,B,sparse4
339,10,33,C,sparse4
339,11,52,C,sparse4
340,1,49,A,daily
340,2,56,A,daily
340,3,61,A,daily
340,4,67,A,daily
340,5,237,A,daily
340,6,239,A,daily
340,7,6,B,sparse4
340,8,17,B,daily
340,9,224,B,sparse4
340,10,35,C,sparse4
340,11,54,C,sparse4
341,1,49,A,daily
341,2,56,A,daily
341,3,61,A,daily
341,4,67,A,daily
341,5,237,A,daily
341,6,239,A,daily
341,7,7,B,sparse4
341,8,17,B,daily
341,9,234,B,sparse4
341,10,36,C,sparse4
341,11,57,C,sparse4
342,1,49,A,daily
342,2,56,A,daily
342,3,61,A,daily
342,4,67,A,daily
342,5,237,A,daily
342,6,239,A,daily
342,7,9,B,sparse4
342,8,17,B,daily
342,9,235,B,sparse4
342,10,18,C,sparse4
342,11,39,C,sparse4
343,1,49,A,daily
343,2,56,A,daily
343,3,61,A,daily
343,4,67,A,daily
343,5,237,A,daily
343,6,239,A,daily
343,7,17,B,daily
343,8,34,B,sparse4
343,9,240,B,sparse4
343,10,33,C,sparse4
343,11,52,C,sparse4
344,1,49,A,daily
344,2,56,A,daily
344,3,61,A,daily
344,4,67,A,daily
344,5,237,A,daily
344,6,239,A,daily
344,7,6,B,sparse4
344,8,17,B,daily
344,9,224,B,sparse4
344,10,35,C,sparse4
344,11,54,C,sparse4
345,1,49,A,daily
345,2,56,A,daily
345,3,61,A,daily
345,4,67,A,daily
345,5,237,A,daily
345,6,239,A,daily
345,7,7,B,sparse4
345,8,17,B,daily
345,9,234,B,sparse4
345,10,36,C,sparse4
345,11,57,C,sparse4
346,1,49,A,daily
346,2,56,A,daily
346,3,61,A,daily
346,4,67,A,daily
346,5,237,A,daily
346,6,239,A,daily
346,7,9,B,sparse4
346,8,17,B,daily
346,9,235,B,sparse4
346,10,18,C,sparse4
346,11,39,C,sparse4
347,1,49,A,daily
347,2,56,A,daily
347,3,61,A,daily
347,4,67,A,daily
347,5,237,A,daily
347,6,239,A,daily
347,7,17,B,daily
347,8,34,B,sparse4
347,9,240,B,sparse4
347,10,33,C,sparse4
347,11,52,C,sparse4
348,1,49,A,daily
348,2,56,A,daily
348,3,61,A,daily
348,4,67,A,daily
348,5,237,A,daily
348,6,239,A,daily
348,7,6,B,sparse4
348,8,17,B,daily
348,9,224,B,sparse4
348,10,35,C,sparse4
348,11,54,C,sparse4
349,1,49,A,daily
349,2,56,A,daily
349,3,61,A,daily
349,4,67,A,daily
349,5,237,A,daily
349,6,239,A,daily
349,7,7,B,sparse4
349,8,17,B,daily
349,9,234,B,sparse4
349,10,36,C,sparse4
349,11,57,C,sparse4
350,1,49,A,daily
350,2,56,A,daily
350,3,61,A,daily
350,4,67,A,daily
350,5,237,A,daily
350,6,239,A,daily
350,7,9,B,sparse4
350,8,17,B,daily
350,9,235,B,sparse4
350,10,18,C,sparse4
350,11,39,C,sparse4
351,1,49,A,daily
351,2,56,A,daily
351,3,61,A,daily
351,4,67,A,daily
351,5,237,A,daily
351,6,239,A,daily
351,7,17,B,daily
351,8,34,B,sparse4
351,9,240,B,sparse4
351,10,33,C,sparse4
351,11,52,C,sparse4
352,1,49,A,daily
352,2,56,A,daily
352,3,61,A,daily
352,4,67,A,daily
352,5,237,A,daily
352,6,239,A,daily
352,7,6,B,sparse4
352,8,17,B,daily
352,9,224,B,sparse4
352,10,35,C,sparse4
352,11,54,C,sparse4
353,1,49,A,daily
353,2,56,A,daily
353,3,61,A,daily
353,4,67,A,daily
353,5,237,A,daily
353,6,239,A,daily
353,7,7,B,sparse4
353,8,17,B,daily
353,9,234,B,sparse4
353,10,36,C,sparse4
353,11,57,C,sparse4
354,1,49,A,daily
354,2,56,A,daily
354,3,61,A,daily
354,4,67,A,daily
354,5,237,A,daily
354,6,239,A,daily
354,7,9,B,sparse4
354,8,17,B,daily
354,9,235,B,sparse4
354,10,18,C,sparse4
354,11,39,C,sparse4
355,1,49,A,daily
355,2,56,A,daily
355,3,61,A,daily
355,4,67,A,daily
355,5,237,A,daily
355,6,239,A,daily
355,7,17,B,daily
355,8,34,B,sparse4
355,9,240,B,sparse4
355,10,33,C,sparse4
355,11,52,C,sparse4
356,1,49,A,daily
356,2,56,A,daily
356,3,61,A,daily
356,4,67,A,daily
356,5,237,A,daily
356,6,239,A,daily
356,7,6,B,sparse4
356,8,17,B,daily
356,9,224,B,sparse4
356,10,35,C,sparse4
356,11,54,C,sparse4
357,1,49,A,daily
357,2,56,A,daily
357,3,61,A,daily
357,4,67,A,daily
357,5,237,A,daily
357,6,239,A,daily
357,7,7,B,sparse4
357,8,17,B,daily
357,9,234,B,sparse4
357,10,36,C,sparse4
357,11,57,C,sparse4
358,1,49,A,daily
358,2,56,A,daily
358,3,61,A,daily
358,4,67,A,daily
358,5,237,A,daily
358,6,239,A,daily
358,7,9,B,sparse4
358,8,17,B,daily
358,9,235,B,sparse4
358,10,18,C,sparse4
358,11,39,C,sparse4
359,1,49,A,daily
359,2,56,A,daily
359,3,61,A,daily
359,4,67,A,daily
359,5,237,A,daily
359,6,239,A,daily
359,7,17,B,daily
359,8,34,B,sparse4
359,9,240,B,sparse4
359,10,33,C,sparse4
359,11,52,C,sparse4
360,1,49,A,daily
360,2,56,A,daily
360,3,61,A,daily
360,4,67,A,daily
360,5,237,A,daily
360,6,239,A,daily
360,7,6,B,sparse4
360,8,17,B,daily
360,9,224,B,sparse4
360,10,35,C,sparse4
360,11,54,C,sparse4
