day,date,slot_1,slot_2,slot_3,slot_4,slot_5,slot_6,slot_7,slot_8,slot_9,slot_10,slot_11
1,2029-01-05,47,163,190,182,61,226,228,211,205,12,NaN
2,2029-01-06,100,47,163,190,182,61,226,228,211,205,12
3,2029-01-07,100,47,163,190,182,61,226,228,211,205,12
4,2029-01-08,100,47,163,190,182,61,226,228,211,205,12
5,2029-01-09,100,47,163,190,182,61,226,228,211,205,12
6,2029-01-10,100,47,163,190,182,61,226,228,211,205,12
7,2029-01-11,100,47,163,190,182,61,226,228,211,205,12
8,2029-01-12,100,47,163,190,182,61,226,228,211,205,12
9,2029-01-13,100,47,163,190,182,61,226,228,211,205,12
10,2029-01-14,100,47,163,190,182,61,226,228,211,205,12
11,2029-01-15,100,47,163,190,182,61,226,228,211,205,12
12,2029-01-16,100,47,163,190,182,61,226,228,211,205,12
13,2029-01-17,100,47,163,190,182,61,226,228,211,205,12
14,2029-01-18,100,47,163,190,182,61,226,228,211,205,12
15,2029-01-19,100,47,163,190,182,61,226,228,211,205,12
16,2029-01-20,100,47,163,190,182,61,226,228,211,205,12
17,2029-01-21,100,47,163,190,182,61,226,228,211,205,12
18,2029-01-22,100,47,163,190,182,61,226,228,211,205,12
19,2029-01-23,100,47,163,190,182,61,226,228,211,205,12
20,2029-01-24,100,47,163,190,182,61,226,228,211,205,12
21,2029-01-25,100,47,163,190,182,61,226,228,211,205,12
22,2029-01-26,100,47,163,190,182,61,226,228,211,205,12
23,2029-01-27,100,47,163,190,182,61,226,228,211,205,12
24,2029-01-28,100,47,163,190,182,61,226,228,211,205,12
25,2029-01-29,100,47,163,190,182,61,226,228,211,205,12
26,2029-01-30,100,47,163,190,182,61,226,228,211,205,12
27,2029-01-31,100,47,163,190,182,61,226,228,211,205,12
28,2029-02-01,100,47,163,190,182,61,226,228,211,205,12
29,2029-02-02,100,47,163,190,182,61,226,228,211,205,12
30,2029-02-03,100,47,163,190,182,61,226,228,211,205,12
31,2029-02-04,100,47,163,190,182,61,226,228,211,205,12
32,2029-02-05,100,47,163,190,182,61,226,228,211,205,12
33,2029-02-06,100,47,163,190,182,61,226,228,211,205,12
34,2029-02-07,100,47,163,190,182,61,226,228,211,205,12
35,2029-02-08,100,47,163,190,182,61,226,228,211,205,12
36,2029-02-09,100,47,163,190,182,61,226,228,211,205,12
37,2029-02-10,100,47,163,190,182,61,226,228,211,205,12
38,2029-02-11,100,47,163,190,182,61,226,228,211,205,12
39,2029-02-12,100,47,163,190,182,61,226,228,211,205,12
40,2029-02-13,100,47,163,190,182,61,226,228,211,205,12
41,2029-02-14,100,47,163,190,182,61,226,228,211,205,12
42,2029-02-15,100,47,163,190,182,61,226,228,211,205,12
43,2029-02-16,100,47,163,190,182,61,226,228,211,205,12
44,2029-02-17,100,47,163,190,182,61,226,228,211,205,12
45,2029-02-18,100,47,163,190,182,61,226,228,211,205,12
46,2029-02-19,100,220,138,231,166,2,187,226,223,189,79
47,2029-02-20,140,220,138,231,166,2,204,228,223,189,79
48,2029-02-21,140,220,138,231,166,2,208,211,223,189,79
49,2029-02-22,140,220,138,231,166,2,235,205,223,189,79
50,2029-02-23,140,220,138,231,166,2,187,226,223,189,79
51,2029-02-24,140,220,138,231,166,2,204,228,223,189,79
52,2029-02-25,140,138,231,166,2,208,211,223,189,79,220
53,2029-02-26,140,220,138,231,166,2,235,205,223,189,79
54,2029-02-27,140,220,138,231,166,2,187,226,223,189,79
55,2029-02-28,140,220,138,231,166,2,204,228,223,189,79
56,2029-03-01,140,220,138,231,166,2,208,211,223,189,79
57,2029-03-02,140,220,138,231,166,2,235,205,223,189,79
58,2029-03-03,140,220,138,231,166,2,187,226,223,189,79
59,2029-03-04,140,220,138,231,166,2,204,228,223,189,79
60,2029-03-05,140,220,138,231,166,2,208,211,223,189,79
61,2029-03-06,220,138,231,166,2,235,205,223,189,79,140
62,2029-03-07,140,220,231,166,2,187,226,223,189,79,138
63,2029-03-08,140,220,138,231,166,2,204,228,223,189,79
64,2029-03-09,140,220,138,231,166,2,208,211,223,189,79
65,2029-03-10,140,220,138,231,166,2,235,205,223,189,79
66,2029-03-11,140,220,138,231,166,2,187,226,223,189,79
67,2029-03-12,140,220,138,231,166,2,204,228,223,189,79
68,2029-03-13,140,220,138,231,166,2,208,211,223,189,79
69,2029-03-14,140,220,138,231,166,2,235,205,223,189,79
70,2029-03-15,140,220,138,231,166,2,187,226,223,189,79
71,2029-03-16,140,220,138,231,166,2,204,228,223,189,79
72,2029-03-17,140,220,138,231,166,2,208,211,223,189,79
73,2029-03-18,140,220,138,231,166,2,235,205,223,189,79
74,2029-03-19,140,220,138,231,166,2,187,226,223,189,79
75,2029-03-20,140,220,138,231,166,2,204,228,223,189,79
76,2029-03-21,140,220,138,231,166,2,208,211,223,189,79
77,2029-03-22,140,220,138,231,166,2,235,205,223,189,79
78,2029-03-23,140,220,138,231,166,2,187,226,223,189,79
79,2029-03-24,140,220,138,231,166,2,204,228,223,189,79
80,2029-03-25,140,220,138,231,166,2,208,211,223,189,79
81,2029-03-26,140,220,138,231,166,2,235,205,223,189,79
82,2029-03-27,140,220,138,231,166,2,187,226,223,189,79
83,2029-03-28,140,220,138,231,166,2,204,228,223,189,79
84,2029-03-29,140,220,138,231,166,2,208,211,223,189,79
85,2029-03-30,140,220,138,231,166,2,235,205,223,189,79
86,2029-03-31,140,220,138,231,166,2,187,226,223,189,79
87,2029-04-01,140,220,138,231,166,2,204,228,223,189,79
88,2029-04-02,140,220,138,231,166,2,208,211,223,189,79
89,2029-04-03,140,220,138,231,166,2,235,205,223,189,79
90,2029-04-04,140,220,138,231,166,2,187,226,223,189,79
91,2029-04-05,140,210,72,217,162,14,204,226,223,48,28
92,2029-04-06,199,210,72,217,162,8,208,228,188,48,28
93,2029-04-07,199,210,72,217,162,13,235,211,209,48,28
94,2029-04-08,199,210,72,217,162,187,7,205,189,48,28
95,2029-04-09,199,210,72,217,162,14,204,226,223,48,28
96,2029-04-10,199,210,72,217,162,8,208,228,188,48,28
97,2029-04-11,199,210,72,217,162,13,235,211,209,48,28
98,2029-04-12,199,210,72,217,162,187,7,205,189,48,28
99,2029-04-13,199,210,72,217,162,14,204,226,223,48,28
100,2029-04-14,199,210,72,217,162,8,208,228,188,48,28
101,2029-04-15,199,210,72,217,162,13,235,211,209,48,28
102,2029-04-16,199,210,72,217,162,187,7,205,189,48,28
103,2029-04-17,199,210,72,217,162,14,204,226,223,48,28
104,2029-04-18,199,210,72,217,162,8,208,228,188,48,28
105,2029-04-19,199,210,72,217,162,13,235,211,209,48,28
106,2029-04-20,199,210,72,217,162,187,7,205,189,48,28
107,2029-04-21,199,210,72,217,162,14,204,226,223,48,28
108,2029-04-22,199,210,72,217,162,8,208,228,188,48,28
109,2029-04-23,199,210,72,217,162,13,235,211,209,48,28
110,2029-04-24,199,210,72,217,162,187,7,205,189,48,28
111,2029-04-25,199,210,72,217,162,14,204,226,223,48,28
112,2029-04-26,199,210,72,217,162,8,208,228,188,48,28
113,2029-04-27,199,210,72,217,162,13,235,211,209,48,28
114,2029-04-28,72,199,210,217,162,187,7,205,189,48,28
115,2029-04-29,72,199,210,217,162,14,204,226,223,48,28
116,2029-04-30,72,199,210,217,162,8,208,228,188,48,28
117,2029-05-01,72,199,210,217,162,13,235,211,209,48,28
118,2029-05-02,72,199,210,217,162,187,7,205,189,48,28
119,2029-05-03,72,199,210,217,162,14,204,226,223,48,28
120,2029-05-04,72,199,210,217,162,8,208,228,188,48,28
121,2029-05-05,72,199,210,217,162,13,235,211,209,48,28
122,2029-05-06,72,199,210,217,162,187,7,205,189,48,28
123,2029-05-07,72,199,210,217,162,14,204,226,223,48,28
124,2029-05-08,72,199,210,217,162,8,208,228,188,48,28
125,2029-05-09,72,48,199,210,217,162,13,235,211,209,28
126,2029-05-10,72,48,199,210,217,162,187,7,205,189,28
127,2029-05-11,72,48,199,210,217,162,14,204,226,223,28
128,2029-05-12,72,48,199,210,217,162,8,208,228,188,28
129,2029-05-13,72,48,199,210,217,162,13,235,211,209,28
130,2029-05-14,72,48,199,210,217,162,187,7,205,189,28
131,2029-05-15,72,48,199,210,217,162,14,204,226,223,28
132,2029-05-16,72,48,199,210,217,162,8,208,228,188,28
133,2029-05-17,72,48,199,210,217,162,13,235,211,209,28
134,2029-05-18,72,48,199,210,217,162,187,7,205,189,28
135,2029-05-19,72,48,199,210,217,162,14,204,226,223,28
136,2029-05-20,199,164,195,27,31,183,8,208,223,188,209
137,2029-05-21,169,164,195,27,31,183,13,235,188,35,209
138,2029-05-22,169,164,195,27,31,183,187,7,188,209,189
139,2029-05-23,169,164,195,27,31,183,14,204,188,209,18
140,2029-05-24,169,164,195,27,31,183,8,208,223,188,209
141,2029-05-25,169,164,195,27,31,183,13,235,188,35,209
142,2029-05-26,169,164,195,27,31,183,187,7,188,209,189
143,2029-05-27,169,164,195,27,31,183,14,204,188,209,18
144,2029-05-28,169,164,195,27,31,183,8,208,223,188,209
145,2029-05-29,169,164,195,27,31,183,13,235,188,35,209
146,2029-05-30,169,164,195,27,31,183,187,7,188,209,189
147,2029-05-31,169,164,195,27,31,183,14,204,188,209,18
148,2029-06-01,169,164,195,27,31,183,8,208,223,188,209
149,2029-06-02,169,164,195,27,31,183,13,235,188,35,209
150,2029-06-03,169,164,195,27,31,183,187,7,188,209,189
151,2029-06-04,169,164,195,27,31,183,14,204,188,209,18
152,2029-06-05,169,164,195,27,31,183,8,208,223,188,209
153,2029-06-06,169,164,195,27,31,183,13,235,188,35,209
154,2029-06-07,169,164,195,27,31,183,187,7,188,209,189
155,2029-06-08,169,164,195,27,31,183,14,204,188,209,18
156,2029-06-09,169,164,195,27,31,183,8,208,223,188,209
157,2029-06-10,169,164,195,27,31,183,13,235,188,35,209
158,2029-06-11,169,164,195,27,31,183,187,7,188,209,189
159,2029-06-12,169,164,195,27,31,183,14,204,188,209,18
160,2029-06-13,169,164,195,27,31,183,8,208,223,188,209
161,2029-06-14,169,164,195,27,31,183,13,235,188,35,209
162,2029-06-15,169,164,195,27,31,183,187,7,188,209,189
163,2029-06-16,169,164,195,27,31,183,14,204,188,209,18
164,2029-06-17,169,164,195,27,31,183,8,208,223,188,209
165,2029-06-18,169,164,195,27,31,183,13,235,188,35,209
166,2029-06-19,169,164,195,27,31,183,187,7,188,209,189
167,2029-06-20,169,164,195,27,31,183,14,204,188,209,18
168,2029-06-21,169,164,195,27,31,183,8,208,223,188,209
169,2029-06-22,169,164,195,27,31,183,13,235,188,35,209
170,2029-06-23,169,164,195,27,31,183,187,7,188,209,189
171,2029-06-24,169,164,195,27,31,183,14,204,188,209,18
172,2029-06-25,169,164,195,27,31,183,8,208,223,188,209
173,2029-06-26,169,164,195,27,31,183,13,235,188,35,209
174,2029-06-27,169,164,195,27,31,183,187,7,188,209,189
175,2029-06-28,169,164,195,27,31,183,14,204,188,209,18
176,2029-06-29,169,164,195,27,31,183,8,208,223,188,209
177,2029-06-30,169,164,195,27,31,183,13,235,188,35,209
178,2029-07-01,169,164,195,27,31,183,187,7,188,209,189
179,2029-07-02,169,164,195,27,31,183,14,204,188,209,18
180,2029-07-03,169,164,195,27,31,183,8,208,223,188,209
181,2029-07-04,169,76,56,191,36,29,3,13,188,35,18
182,2029-07-05,77,76,56,191,29,3,7,17,35,52,18
183,2029-07-06,77,76,56,191,29,3,14,222,35,209,18
184,2029-07-07,77,76,56,191,29,3,8,234,35,33,18
185,2029-07-08,77,76,56,36,191,29,3,13,188,35,18
186,2029-07-09,77,76,56,191,29,3,7,17,35,52,18
187,2029-07-10,77,76,56,191,29,3,14,222,35,209,18
188,2029-07-11,77,76,56,191,29,3,8,234,35,33,18
189,2029-07-12,77,76,36,56,191,29,3,13,188,35,18
190,2029-07-13,77,76,56,191,29,3,7,17,35,52,18
191,2029-07-14,77,76,56,191,29,3,14,222,35,209,18
192,2029-07-15,77,76,56,191,29,3,8,234,35,33,18
193,2029-07-16,77,36,76,56,191,29,3,13,188,35,18
194,2029-07-17,77,76,56,191,29,3,7,17,35,52,18
195,2029-07-18,77,76,56,191,29,3,14,222,35,209,18
196,2029-07-19,77,76,56,191,29,3,8,234,35,33,18
197,2029-07-20,77,76,56,191,29,3,36,13,188,35,18
198,2029-07-21,77,76,56,191,29,3,7,17,35,52,18
199,2029-07-22,77,76,56,191,29,3,14,222,35,209,18
200,2029-07-23,77,76,56,191,29,3,8,234,35,33,18
201,2029-07-24,77,76,56,191,29,3,36,13,188,35,18
202,2029-07-25,77,76,56,191,29,3,7,17,35,52,18
203,2029-07-26,77,76,56,191,29,3,14,222,35,209,18
204,2029-07-27,77,76,56,191,29,3,8,234,35,33,18
205,2029-07-28,77,76,56,191,29,3,36,13,188,35,18
206,2029-07-29,77,76,56,191,29,3,7,17,35,52,18
207,2029-07-30,77,76,56,191,29,3,14,222,35,209,18
208,2029-07-31,77,76,56,191,29,3,8,234,35,33,18
209,2029-08-01,77,76,56,191,29,3,36,13,188,35,18
210,2029-08-02,77,76,56,191,29,3,7,17,35,52,18
211,2029-08-03,77,76,56,191,29,3,14,222,35,209,18
212,2029-08-04,77,76,56,191,29,3,8,234,35,33,18
213,2029-08-05,77,76,56,191,29,3,36,13,188,35,18
214,2029-08-06,77,76,56,191,29,3,7,17,35,52,18
215,2029-08-07,77,76,56,191,29,3,14,222,35,209,18
216,2029-08-08,77,76,56,191,29,3,8,234,35,33,18
217,2029-08-09,77,76,56,191,29,3,36,13,188,35,18
218,2029-08-10,77,76,56,191,29,3,7,17,35,52,18
219,2029-08-11,77,76,56,191,29,3,14,222,35,209,18
220,2029-08-12,77,76,56,191,29,3,8,234,35,33,18
221,2029-08-13,77,76,56,191,29,3,36,13,188,35,18
222,2029-08-14,77,76,56,191,29,3,7,17,35,52,18
223,2029-08-15,77,76,56,191,29,3,14,222,35,209,18
224,2029-08-16,77,76,56,191,29,3,8,234,35,33,18
225,2029-08-17,188,77,76,56,191,29,3,36,13,35,18
226,2029-08-18,77,75,78,165,11,39,206,239,17,54,18
227,2029-08-19,21,75,78,165,11,39,206,57,222,35,34
228,2029-08-20,75,78,165,11,39,206,234,22,52,19,21
229,2029-08-21,75,78,165,11,39,206,36,6,33,224,21
230,2029-08-22,21,75,78,165,11,39,206,239,17,54,18
231,2029-08-23,21,75,78,165,11,39,206,57,222,35,34
232,2029-08-24,21,75,78,165,11,39,206,234,22,52,19
233,2029-08-25,21,75,78,165,11,39,206,36,6,33,224
234,2029-08-26,21,75,78,165,11,39,206,239,17,54,18
235,2029-08-27,21,75,78,165,11,39,206,57,222,35,34
236,2029-08-28,21,75,78,165,11,39,206,234,22,52,19
237,2029-08-29,21,75,78,165,11,39,206,36,6,33,224
238,2029-08-30,21,75,78,165,11,39,206,239,17,54,18
239,2029-08-31,21,75,78,165,11,39,206,57,222,35,34
240,2029-09-01,21,75,78,165,11,39,206,234,22,52,19
241,2029-09-02,21,75,78,165,11,39,206,36,6,33,224
242,2029-09-03,165,21,75,78,11,39,206,239,17,54,18
243,2029-09-04,165,21,75,78,11,39,206,57,222,35,34
244,2029-09-05,165,21,75,78,11,39,206,234,22,52,19
245,2029-09-06,165,21,75,78,11,39,206,36,6,33,224
246,2029-09-07,165,21,75,78,11,39,206,239,17,54,18
247,2029-09-08,165,21,75,78,11,39,206,57,222,35,34
248,2029-09-09,165,21,75,78,11,39,206,234,22,52,19
249,2029-09-10,165,21,75,78,11,39,206,36,6,33,224
250,2029-09-11,165,21,75,78,11,39,206,239,17,54,18
251,2029-09-12,165,21,75,78,11,39,206,57,222,35,34
252,2029-09-13,165,21,75,78,11,39,206,234,22,52,19
253,2029-09-14,165,21,75,78,11,39,206,36,6,33,224
254,2029-09-15,165,21,75,78,11,39,206,239,17,54,18
255,2029-09-16,165,21,75,78,11,39,206,57,222,35,34
256,2029-09-17,165,75,78,21,11,39,206,234,22,52,19
257,2029-09-18,165,21,75,78,11,39,206,36,6,33,224
258,2029-09-19,165,21,75,78,11,39,206,239,17,54,18
259,2029-09-20,165,21,75,78,11,39,206,57,222,35,34
260,2029-09-21,165,21,75,78,11,39,206,234,22,52,19
261,2029-09-22,165,21,75,78,11,39,206,36,6,33,224
262,2029-09-23,165,21,75,78,11,39,206,239,17,54,18
263,2029-09-24,165,21,75,78,11,39,206,57,222,35,34
264,2029-09-25,165,21,75,78,11,39,206,234,22,52,19
265,2029-09-26,165,21,75,78,11,39,206,36,6,33,224
266,2029-09-27,165,21,75,78,11,39,206,239,17,54,18
267,2029-09-28,165,21,75,78,11,39,206,57,222,35,34
268,2029-09-29,165,21,75,78,11,39,206,234,22,52,19
269,2029-09-30,165,21,75,78,11,39,206,36,6,33,224
270,2029-10-01,165,21,75,78,11,39,206,239,17,54,18
271,2029-10-02,21,30,218,81,232,1,57,222,54,52,33
272,2029-10-03,45,30,218,81,232,1,234,22,52,33,34
273,2029-10-04,45,30,218,81,232,1,36,6,52,33,19
274,2029-10-05,45,30,218,81,232,1,239,17,52,33,224
275,2029-10-06,45,30,218,81,232,1,57,222,54,52,33
276,2029-10-07,45,30,218,81,232,1,234,22,52,33,34
277,2029-10-08,45,30,218,81,232,1,36,6,52,33,19
278,2029-10-09,45,30,218,81,232,1,239,17,52,33,224
279,2029-10-10,45,30,218,81,232,1,57,222,54,52,33
280,2029-10-11,45,30,218,81,232,1,234,22,52,33,34
281,2029-10-12,45,30,218,81,232,1,36,6,52,33,19
282,2029-10-13,45,30,218,81,232,1,239,17,52,33,224
283,2029-10-14,45,30,218,81,232,1,57,222,54,52,33
284,2029-10-15,45,30,218,81,232,1,234,22,52,33,34
285,2029-10-16,45,30,218,81,232,1,36,6,52,33,19
286,2029-10-17,45,30,218,81,232,1,239,17,52,33,224
287,2029-10-18,45,30,218,81,232,1,57,222,54,52,33
288,2029-10-19,45,30,218,81,232,1,234,22,52,33,34
289,2029-10-20,45,30,218,81,232,1,36,6,52,33,19
290,2029-10-21,45,30,218,81,232,1,239,17,52,33,224
291,2029-10-22,45,30,218,81,232,1,57,222,54,52,33
292,2029-10-23,45,30,218,81,232,1,234,22,52,33,34
293,2029-10-24,45,30,218,81,232,1,36,6,52,33,19
294,2029-10-25,45,30,218,81,232,1,239,17,52,33,224
295,2029-10-26,45,30,218,81,232,1,57,222,54,52,33
296,2029-10-27,45,30,218,81,232,1,234,22,52,33,34
297,2029-10-28,45,30,218,81,232,1,36,6,52,33,19
298,2029-10-29,45,30,218,81,232,1,239,17,52,33,224
299,2029-10-30,45,30,218,81,232,1,57,222,54,52,33
300,2029-10-31,45,30,218,81,232,1,234,22,52,33,34
301,2029-11-01,45,30,218,81,232,1,36,6,52,33,19
302,2029-11-02,45,30,218,81,232,1,239,17,52,33,224
303,2029-11-03,45,30,218,81,232,1,57,222,54,52,33
304,2029-11-04,45,30,218,81,232,1,234,22,52,33,34
305,2029-11-05,45,30,218,81,232,1,36,6,52,33,19
306,2029-11-06,45,30,218,81,232,1,239,17,52,33,224
307,2029-11-07,45,30,218,81,232,1,57,222,54,52,33
308,2029-11-08,45,30,218,81,232,1,234,22,52,33,34
309,2029-11-09,45,30,218,81,232,1,36,6,52,33,19
310,2029-11-10,45,30,218,81,232,1,239,17,52,33,224
311,2029-11-11,45,30,218,81,232,1,57,222,54,52,33
312,2029-11-12,45,30,218,81,232,1,234,22,52,33,34
313,2029-11-13,45,30,218,81,232,1,36,6,52,33,19
314,2029-11-14,45,30,218,81,232,1,239,17,52,33,224
315,2029-11-15,45,30,218,81,232,1,57,222,54,52,33
316,2029-11-16,45,49,186,53,237,240,22,54,34,19,224
317,2029-11-17,67,49,186,53,237,240,6,54,34,19,224
318,2029-11-18,67,49,186,53,237,240,239,54,34,19,224
319,2029-11-19,67,49,186,53,237,240,57,54,34,19,224
320,2029-11-20,186,67,49,53,237,240,22,54,34,19,224
321,2029-11-21,186,67,49,53,237,240,6,54,34,19,224
322,2029-11-22,186,67,49,53,237,240,239,54,34,19,224
323,2029-11-23,186,67,49,53,237,240,57,54,34,19,224
324,2029-11-24,186,67,49,53,237,240,22,54,34,19,224
325,2029-11-25,186,67,49,53,237,240,6,54,34,19,224
326,2029-11-26,186,67,49,53,237,240,239,54,34,19,224
327,2029-11-27,186,67,49,53,237,240,57,54,34,19,224
328,2029-11-28,186,67,49,53,237,240,22,54,34,19,224
329,2029-11-29,186,67,49,53,237,240,6,54,34,19,224
330,2029-11-30,186,67,49,53,237,240,239,54,34,19,224
331,2029-12-01,186,67,49,53,237,240,57,54,34,19,224
332,2029-12-02,186,67,49,53,237,240,22,54,34,19,224
333,2029-12-03,186,67,49,53,237,240,6,54,34,19,224
334,2029-12-04,186,67,49,53,237,240,239,54,34,19,224
335,2029-12-05,186,67,49,53,237,240,57,54,34,19,224
336,2029-12-06,186,67,49,53,237,240,22,54,34,19,224
337,2029-12-07,186,67,49,53,237,240,6,54,34,19,224
338,2029-12-08,186,67,49,53,237,240,239,54,34,19,224
339,2029-12-09,186,67,49,53,237,240,57,54,34,19,224
340,2029-12-10,186,67,49,53,237,240,22,54,34,19,224
341,2029-12-11,186,67,49,53,237,240,6,54,34,19,224
342,2029-12-12,186,67,49,53,237,240,239,54,34,19,224
343,2029-12-13,186,67,49,53,237,240,57,54,34,19,224
344,2029-12-14,186,67,49,53,237,240,22,54,34,19,224
345,2029-12-15,186,67,49,53,237,240,6,54,34,19,224
346,2029-12-16,186,67,49,53,237,240,239,54,34,19,224
347,2029-12-17,186,67,49,53,237,240,57,54,34,19,224
348,2029-12-18,186,67,49,53,237,240,22,54,34,19,224
349,2029-12-19,186,67,49,53,237,240,6,54,34,19,224
350,2029-12-20,186,67,49,53,237,240,239,54,34,19,224
351,2029-12-21,186,67,49,53,237,240,57,54,34,19,224
352,2029-12-22,186,67,49,53,237,240,22,54,34,19,224
353,2029-12-23,186,67,49,53,237,240,6,54,34,19,224
354,2029-12-24,186,67,49,53,237,240,239,54,34,19,224
355,2029-12-25,186,67,49,53,237,240,57,54,34,19,224
356,2029-12-26,186,67,49,53,237,240,22,54,34,19,224
357,2029-12-27,186,67,49,53,237,240,6,54,34,19,224
358,2029-12-28,49,67,186,53,237,240,239,54,34,19,224
359,2029-12-29,49,67,186,53,237,240,57,54,34,19,224
360,2029-12-30,49,67,186,53,237,240,22,54,34,19,224
361,2029-12-31,67,NaN,NaN,NaN,NaN,NaN,NaN,NaN,NaN,NaN,NaN
362,2030-01-01,NaN,NaN,NaN,NaN,NaN,NaN,NaN,NaN,NaN,NaN,NaN
363,2030-01-02,NaN,NaN,NaN,NaN,NaN,NaN,NaN,NaN,NaN,NaN,NaN
364,2030-01-03,NaN,NaN,NaN,NaN,NaN,NaN,NaN,NaN,NaN,NaN,NaN
365,2030-01-04,NaN,NaN,NaN,NaN,NaN,NaN,NaN,NaN,NaN,NaN,NaN
366,2030-01-05,NaN,NaN,NaN,NaN,NaN,NaN,NaN,NaN,NaN,NaN,NaN
367,2030-01-06,NaN,NaN,NaN,NaN,NaN,NaN,NaN,NaN,NaN,NaN,NaN
368,2030-01-07,NaN,NaN,NaN,NaN,NaN,NaN,NaN,NaN,NaN,NaN,NaN
369,2030-01-08,NaN,NaN,NaN,NaN,NaN,NaN,NaN,NaN,NaN,NaN,NaN
370,2030-01-09,NaN,NaN,NaN,NaN,NaN,NaN,NaN,NaN,NaN,NaN,NaN
371,2030-01-10,NaN,NaN,NaN,NaN,NaN,NaN,NaN,NaN,NaN,NaN,NaN
372,2030-01-11,NaN,NaN,NaN,NaN,NaN,NaN,NaN,NaN,NaN,NaN,NaN
373,2030-01-12,NaN,NaN,NaN,NaN,NaN,NaN,NaN,NaN,NaN,NaN,NaN
374,2030-01-13,NaN,NaN,NaN,NaN,NaN,NaN,NaN,NaN,NaN,NaN,NaN
375,2030-01-14,NaN,NaN,NaN,NaN,NaN,NaN,NaN,NaN,NaN,NaN,NaN
376,2030-01-15,NaN,NaN,NaN,NaN,NaN,NaN,NaN,NaN,NaN,NaN,NaN
377,2030-01-16,NaN,NaN,NaN,NaN,NaN,NaN,NaN,NaN,NaN,NaN,NaN
378,2030-01-17,NaN,NaN,NaN,NaN,NaN,NaN,NaN,NaN,NaN,NaN,NaN
379,2030-01-18,NaN,NaN,NaN,NaN,NaN,NaN,NaN,NaN,NaN,NaN,NaN
380,2030-01-19,NaN,NaN,NaN,NaN,NaN,NaN,NaN,NaN,NaN,NaN,NaN
381,2030-01-20,NaN,NaN,NaN,NaN,NaN,NaN,NaN,NaN,NaN,NaN,NaN
382,2030-01-21,NaN,NaN,NaN,NaN,NaN,NaN,NaN,NaN,NaN,NaN,NaN
383,2030-01-22,NaN,NaN,NaN,NaN,NaN,NaN,NaN,NaN,NaN,NaN,NaN
384,2030-01-23,NaN,NaN,NaN,NaN,NaN,NaN,NaN,NaN,NaN,NaN,NaN
385,2030-01-24,NaN,NaN,NaN,NaN,NaN,NaN,NaN,NaN,NaN,NaN,NaN
386,2030-01-25,NaN,NaN,NaN,NaN,NaN,NaN,NaN,NaN,NaN,NaN,NaN
387,2030-01-26,NaN,NaN,NaN,NaN,NaN,NaN,NaN,NaN,NaN,NaN,NaN
388,2030-01-27,NaN,NaN,NaN,NaN,NaN,NaN,NaN,NaN,NaN,NaN,NaN
389,2030-01-28,NaN,NaN,NaN,NaN,NaN,NaN,NaN,NaN,NaN,NaN,NaN
390,2030-01-29,NaN,NaN,NaN,NaN,NaN,NaN,NaN,NaN,NaN,NaN,NaN
391,2030-01-30,NaN,NaN,NaN,NaN,NaN,NaN,NaN,NaN,NaN,NaN,NaN
392,2030-01-31,NaN,NaN,NaN,NaN,NaN,NaN,NaN,NaN,NaN,NaN,NaN
393,2030-02-01,NaN,NaN,NaN,NaN,NaN,NaN,NaN,NaN,NaN,NaN,NaN
394,2030-02-02,NaN,NaN,NaN,NaN,NaN,NaN,NaN,NaN,NaN,NaN,NaN
395,2030-02-03,NaN,NaN,NaN,NaN,NaN,NaN,NaN,NaN,NaN,NaN,NaN
396,2030-02-04,NaN,NaN,NaN,NaN,NaN,NaN,NaN,NaN,NaN,NaN,NaN
397,2030-02-05,NaN,NaN,NaN,NaN,NaN,NaN,NaN,NaN,NaN,NaN,NaN
398,2030-02-06,NaN,NaN,NaN,NaN,NaN,NaN,NaN,NaN,NaN,NaN,NaN
399,2030-02-07,NaN,NaN,NaN,NaN,NaN,NaN,NaN,NaN,NaN,NaN,NaN
400,2030-02-08,NaN,NaN,NaN,NaN,NaN,NaN,NaN,NaN,NaN,NaN,NaN
401,2030-02-09,NaN,NaN,NaN,NaN,NaN,NaN,NaN,NaN,NaN,NaN,NaN
402,2030-02-10,NaN,NaN,NaN,NaN,NaN,NaN,NaN,NaN,NaN,NaN,NaN
403,2030-02-11,NaN,NaN,NaN,NaN,NaN,NaN,NaN,NaN,NaN,NaN,NaN
404,2030-02-12,NaN,NaN,NaN,NaN,NaN,NaN,NaN,NaN,NaN,NaN,NaN
405,2030-02-13,NaN,NaN,NaN,NaN,NaN,NaN,NaN,NaN,NaN,NaN,NaN
406,2030-02-14,NaN,NaN,NaN,NaN,NaN,NaN,NaN,NaN,NaN,NaN,NaN
407,2030-02-15,NaN,NaN,NaN,NaN,NaN,NaN,NaN,NaN,NaN,NaN,NaN
408,2030-02-16,NaN,NaN,NaN,NaN,NaN,NaN,NaN,NaN,NaN,NaN,NaN
409,2030-02-17,NaN,NaN,NaN,NaN,NaN,NaN,NaN,NaN,NaN,NaN,NaN
410,2030-02-18,NaN,NaN,NaN,NaN,NaN,NaN,NaN,NaN,NaN,NaN,NaN
411,2030-02-19,NaN,NaN,NaN,NaN,NaN,NaN,NaN,NaN,NaN,NaN,NaN
412,2030-02-20,NaN,NaN,NaN,NaN,NaN,NaN,NaN,NaN,NaN,NaN,NaN
413,2030-02-21,NaN,NaN,NaN,NaN,NaN,NaN,NaN,NaN,NaN,NaN,NaN
414,2030-02-22,NaN,NaN,NaN,NaN,NaN,NaN,NaN,NaN,NaN,NaN,NaN
415,2030-02-23,NaN,NaN,NaN,NaN,NaN,NaN,NaN,NaN,NaN,NaN,NaN
416,2030-02-24,NaN,NaN,NaN,NaN,NaN,NaN,NaN,NaN,NaN,NaN,NaN
417,2030-02-25,NaN,NaN,NaN,NaN,NaN,NaN,NaN,NaN,NaN,NaN,NaN
418,2030-02-26,NaN,NaN,NaN,NaN,NaN,NaN,NaN,NaN,NaN,NaN,NaN
419,2030-02-27,NaN,NaN,NaN,NaN,NaN,NaN,NaN,NaN,NaN,NaN,NaN
420,2030-02-28,NaN,NaN,NaN,NaN,NaN,NaN,NaN,NaN,NaN,NaN,NaN
